Invoice,StockCode,Description,Quantity,InvoiceDate,Price,Customer ID,Country
C505531,22464,HANGING METAL HEART LANTERN,-1,2010-04-22 17:40:00,1.65,16176.0,United Kingdom
498360,35816B,"ACRYLIC JEWEL ANGEL,BLUE",1,2010-02-18 13:29:00,1.25,12748.0,United Kingdom
522309,16156L,"WRAP, CAROUSEL",25,2010-09-13 15:12:00,0.42,15521.0,United Kingdom
524446,20970,PINK FLORAL FELTCRAFT SHOULDER BAG,1,2010-09-29 11:19:00,3.75,14049.0,United Kingdom
505236,85049C,ROMANTIC PINKS RIBBONS ,12,2010-04-21 10:58:00,1.25,12391.0,Cyprus
505766,84755,COLOUR GLASS T-LIGHT HOLDER HANGING,16,2010-04-26 10:26:00,0.65,14743.0,United Kingdom
513732,21787,RAIN PONCHO WITH RED SPOTS,24,2010-06-28 12:04:00,0.85,15791.0,United Kingdom
526267,22710,WRAP I LOVE LONDON ,25,2010-10-11 10:56:00,0.42,12678.0,France
500879,85196,EASTER BUNNIES ON A STICK,24,2010-03-10 14:24:00,0.55,15093.0,United Kingdom
490124,82494L,WOODEN FRAME ANTIQUE WHITE ,2,2009-12-03 18:08:00,2.95,16791.0,United Kingdom
494506,21935,SUKI  SHOULDER BAG,10,2010-01-14 19:36:00,1.45,17850.0,United Kingdom
513658,22202,MILK PAN PINK RETROSPOT,24,2010-06-28 10:18:00,3.75,17389.0,United Kingdom
513279,15036,ASSORTED COLOURS SILK FAN,24,2010-06-23 13:19:00,0.75,16180.0,United Kingdom
506082,21499,BLUE SPOTS  WRAP,25,2010-04-27 11:58:00,0.42,13178.0,United Kingdom
525425,22751,FELTCRAFT PRINCESS OLIVIA DOLL,6,2010-10-05 13:01:00,3.75,14991.0,United Kingdom
521800,21790,VINTAGE SNAP CARDS,12,2010-09-08 14:17:00,0.85,18226.0,United Kingdom
532470,85049D,BRIGHT BLUES RIBBONS ,12,2010-11-12 11:41:00,1.25,12647.0,Germany
518553,84755,COLOUR GLASS T-LIGHT HOLDER HANGING,16,2010-08-10 08:49:00,0.65,16279.0,United Kingdom
528134,22755,SMALL PURPLE BABUSHKA NOTEBOOK ,12,2010-10-20 15:09:00,0.85,15647.0,United Kingdom
501870,22219,LOVEBIRD HANGING DECORATION WHITE ,12,2010-03-21 12:20:00,0.72,17448.0,United Kingdom
508780,22556,PLASTERS IN TIN CIRCUS PARADE ,4,2010-05-18 12:24:00,1.65,15518.0,United Kingdom
516430,22383,LUNCH BAG SUKI  DESIGN ,100,2010-07-20 11:47:00,1.45,17511.0,United Kingdom
520537,22078,RIBBON REEL LACE DESIGN ,1,2010-08-26 15:47:00,2.1,17576.0,United Kingdom
521130,21907,I'M ON HOLIDAY METAL SIGN,2,2010-09-02 12:44:00,2.1,15856.0,United Kingdom
533142,22662,LUNCH BAG DOLLY GIRL DESIGN,10,2010-11-16 13:22:00,1.65,17689.0,United Kingdom
511123,22149,FELTCRAFT 6 FLOWER FRIENDS,6,2010-06-07 10:56:00,2.1,17673.0,United Kingdom
527912,47591D,PINK FAIRY CAKE CHILDRENS APRON,2,2010-10-19 13:00:00,1.95,16919.0,United Kingdom
526485,22326,ROUND SNACK BOXES SET OF4 WOODLAND ,12,2010-10-12 08:08:00,2.95,12649.0,Germany
532445,90178B,PURPLE CHUNKY GLASS+BEAD NECKLACE,2,2010-11-12 11:31:00,11.95,17772.0,United Kingdom
519733,21556,CERAMIC STRAWBERRY MONEY BOX,6,2010-08-20 08:21:00,2.55,12519.0,Germany
520947,22352,LUNCH BOX WITH CUTLERY RETROSPOT ,6,2010-09-01 10:47:00,2.55,12761.0,Netherlands
489681,35651,VINTAGE BEAD PINK SCARF ,1,2009-12-02 10:02:00,7.95,17998.0,United Kingdom
528175,84032A,CHARLIE+LOLA PINK HOT WATER BOTTLE,6,2010-10-21 10:25:00,2.95,12820.0,United Kingdom
505083,84905,PINK BUTTERFLY CUSHION COVER ,24,2010-04-20 09:56:00,1.25,12623.0,Germany
537852,22174,PHOTO CUBE,24,2010-12-08 15:56:00,1.65,17340.0,United Kingdom
500719,21509,COWBOYS AND INDIANS BIRTHDAY CARD ,12,2010-03-09 15:16:00,0.42,16707.0,United Kingdom
516105,22350,ILLUSTRATED CAT BOWL ,6,2010-07-16 12:30:00,2.55,16170.0,United Kingdom
532126,85084,HOLLY TOP CHRISTMAS STOCKING,12,2010-11-11 10:21:00,0.85,18226.0,United Kingdom
500322,20857,BLUE ROSE PATCH PURSE PINK BUTTERFL,1,2010-03-07 12:06:00,1.65,16798.0,United Kingdom
510777,21926,RED/CREAM STRIPE CUSHION COVER ,2,2010-06-03 14:57:00,1.25,13031.0,United Kingdom
521819,21115,ROSE CARAVAN DOORSTOP,2,2010-09-08 16:17:00,6.75,13717.0,United Kingdom
536014,20727,LUNCH BAG  BLACK SKULL.,100,2010-11-29 15:26:00,1.45,13798.0,United Kingdom
534187,22944,CHRISTMAS METAL POSTCARD WITH BELLS,36,2010-11-21 14:10:00,1.25,16501.0,United Kingdom
496062,21673,WHITE SPOT BLUE CERAMIC DRAWER KNOB,12,2010-01-28 15:43:00,1.25,13615.0,United Kingdom
511314,22424,ENAMEL BREAD BIN CREAM,1,2010-06-07 16:39:00,12.75,14606.0,United Kingdom
534221,22905,CALENDAR IN SEASON DESIGN,3,2010-11-21 16:15:00,2.95,16049.0,United Kingdom
502913,85123A,WHITE HANGING HEART T-LIGHT HOLDER,2,2010-03-29 13:10:00,2.95,13975.0,United Kingdom
526761,21058,PARTY INVITES WOODLAND,144,2010-10-13 10:53:00,0.72,14646.0,Netherlands
514369,84247E,PACK/12 XMAS FUN CARD,6,2010-07-02 08:26:00,2.95,12477.0,Germany
512553,22381,TOY TIDY PINK RETROSPOT  ,1,2010-06-16 13:52:00,2.1,17841.0,United Kingdom
515830,84873A,FUNKY FLOWER PICNIC BAG FOR 4,2,2010-07-15 11:10:00,16.95,15530.0,United Kingdom
535380,22941,CHRISTMAS LIGHTS 10 REINDEER,6,2010-11-25 19:06:00,8.5,16062.0,United Kingdom
513762,22242,"HOOK, 5 HANGER , MAGIC TOADSTOOL",12,2010-06-28 12:58:00,1.65,12451.0,Switzerland
508625,21718,RED METAL BEACH SPADE ,1,2010-05-17 14:09:00,1.25,18157.0,United Kingdom
515344,22521,CHILDS GARDEN TROWEL PINK,12,2010-07-12 10:07:00,0.85,14911.0,EIRE
524311,47566,PARTY BUNTING,2,2010-09-28 14:09:00,4.65,17841.0,United Kingdom
534501,22274,FELTCRAFT DOLL EMILY,2,2010-11-23 11:26:00,2.95,18055.0,United Kingdom
497084,16239,BALLERINA HEART DECORATION.,3,2010-02-05 14:57:00,2.95,18168.0,United Kingdom
534652,21613,S/12 VANILLA  BOTANICAL T-LIGHTS,1,2010-11-23 13:26:00,2.95,14170.0,United Kingdom
504430,84711A,SILVER OVAL SHAPE TRINKET BOX,3,2010-04-13 13:26:00,9.95,14172.0,United Kingdom
522835,22548,HEADS AND TAILS SPORTING FUN,12,2010-09-17 10:37:00,1.25,15362.0,United Kingdom
537773,22327,ROUND SNACK BOXES SET OF 4 SKULLS,3,2010-12-08 12:36:00,2.95,16016.0,United Kingdom
507410,21868,POTTING SHED TEA MUG,2,2010-05-09 13:59:00,1.25,15555.0,United Kingdom
517973,22668,PINK BABY BUNTING,10,2010-08-03 13:54:00,2.95,16880.0,United Kingdom
516788,22139,RETRO SPOT TEA SET CERAMIC 11 PC ,6,2010-07-23 10:00:00,4.95,16843.0,United Kingdom
519030,22385,JUMBO BAG SPACEBOY DESIGN,10,2010-08-13 10:37:00,1.95,13534.0,United Kingdom
536637,22696,WICKER WREATH LARGE,1,2010-12-02 11:35:00,1.95,18041.0,United Kingdom
522958,35971,ROSE FOLKART HEART DECORATIONS,3,2010-09-19 12:15:00,1.25,16549.0,United Kingdom
C512300,79323B,BLACK CHERRY LIGHTS,-1,2010-06-14 15:30:00,6.75,14105.0,United Kingdom
495360,POST,POSTAGE,3,2010-01-24 12:05:00,18.0,12703.0,Germany
522445,22173,METAL 4 HOOK HANGER FRENCH CHATEAU,8,2010-09-14 14:35:00,2.95,15955.0,United Kingdom
509100,15044D,RED PAPER PARASOL,1,2010-05-20 11:49:00,2.95,17841.0,United Kingdom
531771,82580,BATHROOM METAL SIGN,12,2010-11-09 14:24:00,0.55,17738.0,United Kingdom
528374,22749,FELTCRAFT PRINCESS CHARLOTTE DOLL,1,2010-10-21 17:22:00,3.75,16540.0,United Kingdom
498123,21212,PACK OF 72 RETRO SPOT CAKE CASES,4,2010-02-16 15:35:00,0.55,16409.0,United Kingdom
511710,22030,SWALLOWS GREETING CARD,24,2010-06-10 10:23:00,0.42,17350.0,United Kingdom
533598,21989,PACK OF 20 SKULL PAPER NAPKINS,3,2010-11-18 12:22:00,0.85,17811.0,United Kingdom
491118,82483,WOOD 2 DRAWER CABINET WHITE FINISH,2,2009-12-09 15:03:00,5.95,16933.0,United Kingdom
536851,21428,SET3 BOOK BOX GREEN GINGHAM FLOWER ,8,2010-12-03 09:49:00,4.25,12967.0,United Kingdom
531245,85152,HAND OVER THE CHOCOLATE   SIGN ,1,2010-11-07 10:53:00,2.1,13259.0,United Kingdom
530271,35400,WOODEN BOX ADVENT CALENDAR ,10,2010-11-02 11:49:00,8.95,13535.0,United Kingdom
518280,22383,LUNCH BAG SUKI  DESIGN ,10,2010-08-06 10:24:00,1.65,14329.0,United Kingdom
501280,21129,SILVER FISHING GNOME ,1,2010-03-15 14:13:00,6.95,17841.0,United Kingdom
536446,21587,COSY HOUR GIANT TUBE MATCHES,4,2010-12-01 12:15:00,2.55,15983.0,United Kingdom
536017,22174,PHOTO CUBE,4,2010-11-29 15:39:00,1.65,15005.0,United Kingdom
497839,84219,BOX/12 MOTHER & CHICK IN BASKET/BOW,2,2010-02-12 15:24:00,2.55,17954.0,United Kingdom
535593,21418,STARFISH SOAP DISH,6,2010-11-26 16:38:00,2.55,13362.0,United Kingdom
527945,22893,MINI CAKE STAND T-LIGHT HOLDER,24,2010-10-19 15:03:00,0.42,16096.0,United Kingdom
506981,20712,JUMBO BAG WOODLAND ANIMALS,20,2010-05-05 13:14:00,1.95,14680.0,United Kingdom
496436,79323GR,GREEN CHERRY LIGHTS,3,2010-02-01 12:40:00,6.75,14667.0,United Kingdom
526235,22489,PACK OF 12 TRADITIONAL CRAYONS,24,2010-10-10 16:02:00,0.42,15277.0,United Kingdom
513594,35961,FOLKART ZINC HEART CHRISTMAS DEC,2,2010-06-27 10:54:00,0.85,16782.0,United Kingdom
518895,22525,CHILDRENS GARDEN GLOVES PINK,12,2010-08-12 13:36:00,1.25,15129.0,United Kingdom
535819,21116,OWL DOORSTOP,15,2010-11-28 15:45:00,4.95,18061.0,United Kingdom
509601,22383,LUNCH BAG SUKI  DESIGN ,3,2010-05-24 16:08:00,1.65,13201.0,United Kingdom
524281,84519B,CARROT CHARLIE+LOLA COASTER SET,6,2010-09-28 12:16:00,2.95,14688.0,United Kingdom
529532,22468,BABUSHKA LIGHTS STRING OF 10,2,2010-10-28 16:25:00,6.75,14294.0,United Kingdom
500160,85099C,JUMBO  BAG BAROQUE BLACK WHITE,10,2010-03-04 18:46:00,1.95,14841.0,United Kingdom
505001,20725,LUNCH BAG RED SPOTTY,6,2010-04-19 12:38:00,1.45,17850.0,United Kingdom
525037,22139,RETROSPOT TEA SET CERAMIC 11 PC ,18,2010-10-03 12:40:00,4.95,14911.0,EIRE
527419,21557,SET OF 6 FUNKY BEAKERS,1,2010-10-17 15:43:00,2.95,12748.0,United Kingdom
525980,21788,KIDS RAIN MAC BLUE,3,2010-10-08 10:59:00,0.85,12835.0,United Kingdom
534164,22473,TV DINNER TRAY VINTAGE PAISLEY,1,2010-11-21 13:13:00,4.95,16241.0,United Kingdom
535953,22909,SET OF 20 VINTAGE CHRISTMAS NAPKINS,4,2010-11-29 12:13:00,0.85,15039.0,United Kingdom
525013,22145,CHRISTMAS CRAFT HEART STOCKING ,12,2010-10-03 11:15:00,2.1,14911.0,EIRE
512112,21537,RED RETROSPOT PUDDING BOWL,1,2010-06-13 14:40:00,4.25,17841.0,United Kingdom
533374,22147,FELTCRAFT BUTTERFLY HEARTS,4,2010-11-17 10:34:00,1.45,14049.0,United Kingdom
517250,22660,DOORMAT I LOVE LONDON,220,2010-07-27 15:08:00,4.58,18102.0,United Kingdom
524506,22646,CERAMIC STRAWBERRY CAKE MONEY BANK,12,2010-09-29 12:40:00,1.45,17470.0,United Kingdom
525068,22687,DOORMAT CHRISTMAS VILLAGE,2,2010-10-03 14:37:00,7.95,15579.0,United Kingdom
534455,84380,SET OF 3 BUTTERFLY COOKIE CUTTERS,2,2010-11-22 17:33:00,1.25,13546.0,United Kingdom
491317,22073,RETRO SPOT STORAGE JAR,4,2009-12-10 15:28:00,3.75,16670.0,United Kingdom
502751,22551,PLASTERS IN TIN SPACEBOY,1,2010-03-26 13:13:00,1.65,17290.0,United Kingdom
523579,22024,RAINY LADIES BIRTHDAY CARD,12,2010-09-22 16:34:00,0.42,13756.0,United Kingdom
538157,84949,SILVER HANGING T-LIGHT HOLDER,6,2010-12-09 16:57:00,1.65,17576.0,United Kingdom
497006,22349,"DOG BOWL , CHASING BALL DESIGN",6,2010-02-05 12:26:00,3.75,16147.0,United Kingdom
502874,20725,LUNCH BAG RED SPOTTY,10,2010-03-29 10:08:00,1.65,13319.0,United Kingdom
533074,84683,CLASSICAL ROSE CANDLESTAND,24,2010-11-16 07:52:00,0.65,14298.0,United Kingdom
520698,21175,GIN + TONIC DIET METAL SIGN,12,2010-08-29 11:15:00,2.1,15465.0,United Kingdom
509621,21704,BAG 250g SWIRLY MARBLES,12,2010-05-25 09:51:00,0.85,15321.0,United Kingdom
512528,47591C,BLUE FAIRY CAKE CHILD'S APRON,2,2010-06-16 11:54:00,1.95,17952.0,United Kingdom
508457,22067,CHOC TRUFFLE GOLD TRINKET POT ,36,2010-05-14 16:50:00,1.45,12745.0,United Kingdom
492729,21031,SPACE CADET BLACK,1,2009-12-18 11:32:00,1.25,15911.0,United Kingdom
507405,22413,METAL SIGN TAKE IT OR LEAVE IT ,6,2010-05-09 13:44:00,2.95,15109.0,United Kingdom
536938,20712,JUMBO BAG WOODLAND ANIMALS,20,2010-12-03 12:05:00,1.95,14680.0,United Kingdom
513762,20717,STRAWBERRY SHOPPER BAG,10,2010-06-28 12:58:00,1.25,12451.0,Switzerland
525075,22153,ANGEL DECORATION STARS ON DRESS,16,2010-10-03 15:24:00,0.42,16782.0,United Kingdom
534473,21498,RED RETROSPOT WRAP ,25,2010-11-23 10:41:00,0.42,15730.0,United Kingdom
502835,84279B,CHERRY BLOSSOM DECORATIVE FLASK,1,2010-03-28 12:43:00,3.75,16934.0,United Kingdom
503507,22518,CHILDS GARDEN BRUSH BLUE,2,2010-04-01 12:33:00,2.1,16713.0,United Kingdom
504890,48184,DOOR MAT ENGLISH ROSE ,1,2010-04-18 13:53:00,7.49,14415.0,United Kingdom
490482,35001G,HAND OPEN SHAPE GOLD,1,2009-12-06 12:52:00,4.25,15983.0,United Kingdom
536602,21730,GLASS STAR FROSTED T-LIGHT HOLDER,4,2010-12-02 08:34:00,4.25,17850.0,United Kingdom
518080,21541,DINOSAURS WATER TRANSFER TATTOOS ,12,2010-08-04 13:57:00,0.85,15628.0,United Kingdom
495183,22199,FRYING PAN RED POLKADOT ,4,2010-01-21 13:48:00,4.25,15296.0,United Kingdom
519829,22759,SET OF 3 NOTEBOOKS IN PARCEL,12,2010-08-20 14:53:00,1.65,14911.0,EIRE
536409,20717,STRAWBERRY SHOPPER BAG,1,2010-12-01 11:45:00,1.25,17908.0,United Kingdom
511709,22371,AIRLINE BAG VINTAGE TOKYO 78,6,2010-06-10 10:15:00,6.35,13878.0,United Kingdom
532089,22086,PAPER CHAIN KIT 50'S CHRISTMAS ,3,2010-11-10 15:38:00,2.95,16221.0,United Kingdom
497204,21907,I'M ON HOLIDAY METAL SIGN,2,2010-02-07 11:52:00,2.1,15422.0,United Kingdom
537136,21351,CINAMMON & ORANGE WREATH,18,2010-12-05 12:42:00,5.95,12748.0,United Kingdom
C500835,22326,ROUND SNACK BOXES SET OF4 WOODLAND ,-1,2010-03-10 11:51:00,2.95,12437.0,France
516322,22303,COFFEE MUG APPLES DESIGN,6,2010-07-19 15:17:00,2.55,17320.0,United Kingdom
528763,22632,HAND WARMER RED RETROSPOT,12,2010-10-24 15:57:00,2.1,12926.0,United Kingdom
524163,84836,ZINC METAL HEART DECORATION,3,2010-09-27 16:20:00,1.25,17524.0,United Kingdom
492581,22188,BLACK HEART CARD HOLDER,10,2009-12-17 15:02:00,3.95,15270.0,United Kingdom
C505460,20914,SET/5 RED SPOTTY LID GLASS BOWLS,-1,2010-04-22 11:40:00,2.95,15176.0,United Kingdom
533761,20717,STRAWBERRY SHOPPER BAG,3,2010-11-18 14:52:00,1.25,17841.0,United Kingdom
536197,22219,LOVEBIRD HANGING DECORATION WHITE ,10,2010-11-30 13:02:00,0.85,13444.0,United Kingdom
493825,20772,GARDEN PATH JOURNAL,1,2010-01-07 13:07:00,2.55,16888.0,United Kingdom
504902,21682,LARGE MEDINA STAMPED METAL BOWL ,3,2010-04-18 15:35:00,4.95,13286.0,United Kingdom
521403,22380,TOY TIDY SPACEBOY  ,20,2010-09-06 10:19:00,2.1,12744.0,Singapore
516477,22629,SPACEBOY LUNCH BOX ,2,2010-07-20 16:33:00,1.95,14535.0,United Kingdom
501281,21974,SET OF 36 PAISLEY FLOWER DOILIES,12,2010-03-15 14:15:00,1.45,14911.0,EIRE
533289,22782,SET 3 WICKER STORAGE BASKETS ,1,2010-11-16 15:44:00,24.95,13643.0,United Kingdom
517096,84971S,SMALL HEART FLOWERS HOOK ,24,2010-07-26 15:06:00,0.85,17612.0,United Kingdom
492811,85040B,SET/4 BLUE FLOWER CANDLES IN BOWL,3,2009-12-20 13:01:00,1.65,17085.0,United Kingdom
515181,22078,RIBBON REEL LACE DESIGN ,1,2010-07-08 19:12:00,2.1,17231.0,United Kingdom
527068,48138,DOORMAT UNION FLAG,10,2010-10-14 14:08:00,6.75,16991.0,United Kingdom
500701,21977,PACK OF 60 PINK PAISLEY CAKE CASES,2,2010-03-09 13:26:00,0.55,16791.0,United Kingdom
518505,84927D,LA PALMIERA TILE HOOK,432,2010-08-09 13:10:00,0.08,14277.0,France
535274,21824,PAINTED METAL STAR WITH HOLLY BELLS,8,2010-11-25 13:51:00,1.45,14415.0,United Kingdom
534511,20679,EDWARDIAN PARASOL RED,6,2010-11-23 11:47:00,5.95,17071.0,United Kingdom
512262,82486,WOOD S/3 CABINET ANT WHITE FINISH,2,2010-06-14 13:18:00,7.95,16007.0,United Kingdom
492585,72267,PREMIUM CHURCH CANDLE,4,2009-12-17 15:26:00,2.1,14085.0,United Kingdom
522957,22423,REGENCY CAKESTAND 3 TIER,2,2010-09-19 12:05:00,12.75,17188.0,United Kingdom
502919,22195,LARGE HEART MEASURING SPOONS,12,2010-03-29 13:46:00,1.65,17046.0,United Kingdom
522435,84880,WHITE WIRE EGG HOLDER,3,2010-09-14 13:45:00,5.95,14606.0,United Kingdom
521483,21563,RED HEART SHAPE LOVE BUCKET ,12,2010-09-06 13:26:00,2.95,13093.0,United Kingdom
531395,22941,CHRISTMAS LIGHTS 10 REINDEER,24,2010-11-08 10:07:00,7.65,12435.0,Denmark
497947,20682,RED SPOTTY CHILDS UMBRELLA,6,2010-02-15 12:05:00,3.25,12380.0,Belgium
495811,35961,FOLKART ZINC HEART CHRISTMAS DEC,24,2010-01-27 10:02:00,0.85,15222.0,United Kingdom
493929,21741,COSY SLIPPER SHOES LARGE GREEN,12,2010-01-08 11:55:00,2.95,14735.0,United Kingdom
519194,22586,FELTCRAFT HAIRBAND PINK AND BLUE,2,2010-08-13 17:13:00,0.85,16345.0,United Kingdom
532114,22712,CARD DOLLY GIRL ,12,2010-11-10 17:39:00,0.42,14030.0,United Kingdom
496443,21035,SET/2 RED SPOTTY TEA TOWELS ,6,2010-02-01 13:45:00,2.95,13156.0,United Kingdom
510737,21790,VINTAGE SNAP CARDS,12,2010-06-03 11:44:00,0.85,16279.0,United Kingdom
495177,20972,PINK CREAM FELT CRAFT TRINKET BOX ,24,2010-01-21 13:22:00,1.25,14064.0,United Kingdom
500356,90200C,BLUE SWEETHEART BRACELET,1,2010-03-07 15:34:00,4.25,16984.0,United Kingdom
494390,22352,LUNCHBOX WITH CUTLERY RETROSPOT ,2,2010-01-14 10:04:00,2.55,18041.0,United Kingdom
515588,21080,SET/20 RED SPOTTY PAPER NAPKINS ,12,2010-07-13 13:11:00,0.85,14156.0,EIRE
495310,20726,LUNCH BAG WOODLAND,10,2010-01-22 14:17:00,1.65,12531.0,Germany
532295,22866,HAND WARMER SCOTTY DOG DESIGN,12,2010-11-11 13:46:00,2.1,13226.0,United Kingdom
528627,72586,SET OF 6 HALLOWEEN GHOST T-LIGHTS,1,2010-10-24 11:14:00,0.42,16746.0,United Kingdom
504117,21578,WOODLAND DESIGN  COTTON TOTE BAG,6,2010-04-09 15:22:00,2.25,15326.0,United Kingdom
537052,22423,REGENCY CAKESTAND 3 TIER,16,2010-12-05 11:15:00,10.95,16839.0,United Kingdom
490667,90214K,"LETTER ""K"" BLING KEY RING",1,2009-12-07 12:32:00,1.25,13234.0,United Kingdom
537418,22865,HAND WARMER OWL DESIGN,1,2010-12-06 15:13:00,2.1,17884.0,United Kingdom
516378,21446,12 RED ROSE PEG PLACE SETTINGS,24,2010-07-20 11:06:00,1.25,14855.0,United Kingdom
492269,22197,"POPCORN HOLDER , SMALL ",12,2009-12-16 11:23:00,0.85,17677.0,United Kingdom
512073,22534,MAGIC DRAWING SLATE SPACEBOY ,48,2010-06-13 11:42:00,0.42,16945.0,United Kingdom
516891,84970S,HANGING HEART ZINC T-LIGHT HOLDER,12,2010-07-23 15:05:00,0.85,14312.0,United Kingdom
528916,21558,SKULL LUNCH BOX WITH CUTLERY ,1,2010-10-25 14:01:00,2.55,16782.0,United Kingdom
522048,22489,PACK OF 12 TRADITIONAL CRAYONS,72,2010-09-10 14:12:00,0.42,13330.0,United Kingdom
512797,84978,HANGING HEART JAR T-LIGHT HOLDER,24,2010-06-18 10:29:00,1.25,14895.0,United Kingdom
532325,84949,SILVER HANGING T-LIGHT HOLDER,24,2010-11-11 15:25:00,1.65,16735.0,United Kingdom
513065,22353,LUNCH BOX WITH CUTLERY FAIRY CAKES ,1,2010-06-21 14:14:00,2.55,15850.0,United Kingdom
528990,85099B,JUMBO BAG RED RETROSPOT,6,2010-10-26 11:21:00,1.95,14524.0,United Kingdom
519465,22381,TOY TIDY PINK RETROSPOT  ,5,2010-08-17 11:45:00,2.1,13313.0,United Kingdom
500861,21488,RED WHITE SCARF  HOT WATER BOTTLE,3,2010-03-10 12:45:00,3.95,14680.0,United Kingdom
C527020,21973,SET OF 36 MUSHROOM PAPER DOILIES,-12,2010-10-14 11:52:00,1.45,12589.0,France
504412,21390,FILIGRIS HEART WITH BUTTERFLY,12,2010-04-13 12:24:00,1.25,16940.0,United Kingdom
535654,22154,ANGEL DECORATION 3 BUTTONS ,2,2010-11-28 11:08:00,0.42,17580.0,United Kingdom
511067,21034,REX CASH+CARRY JUMBO SHOPPER,1,2010-06-06 13:06:00,0.95,15956.0,United Kingdom
496551,21928,JUMBO BAG SCANDINAVIAN PAISLEY,2,2010-02-02 13:13:00,1.95,13975.0,United Kingdom
528077,84270,ASSTD DESIGN BUBBLE GUM RING,30,2010-10-20 12:44:00,0.21,13995.0,United Kingdom
530059,22867,HAND WARMER BIRD DESIGN,5,2010-11-01 11:32:00,2.1,16161.0,United Kingdom
528711,20978,36 PENCILS TUBE SKULLS,4,2010-10-24 13:10:00,1.25,16373.0,United Kingdom
507227,22567,20 DOLLY PEGS RETROSPOT,12,2010-05-06 19:49:00,1.25,15955.0,United Kingdom
526089,85123A,WHITE HANGING HEART T-LIGHT HOLDER,12,2010-10-08 12:14:00,2.95,15281.0,United Kingdom
494239,21624,VINTAGE UNION JACK DOORSTOP,1,2010-01-12 15:48:00,5.95,14081.0,United Kingdom
509849,21967,PACK OF 12 SKULL TISSUES,48,2010-05-26 08:27:00,0.29,17694.0,United Kingdom
511050,21623,VINTAGE UNION JACK MEMOBOARD,1,2010-06-06 12:07:00,9.95,16782.0,United Kingdom
534112,22112,CHOCOLATE HOT WATER BOTTLE,4,2010-11-21 12:11:00,4.95,16792.0,United Kingdom
532663,21210,SET OF 72 RETROSPOT PAPER  DOILIES,12,2010-11-14 11:32:00,1.45,14936.0,Channel Islands
503543,22241,GARLAND WOODEN HAPPY EASTER,1,2010-04-01 14:23:00,1.25,17993.0,United Kingdom
521974,22197,SMALL POPCORN HOLDER,4,2010-09-09 19:56:00,0.85,15861.0,United Kingdom
496338,85014A,BLACK/BLUE DOTS RUFFLED UMBRELLA,3,2010-01-31 15:34:00,5.95,17230.0,United Kingdom
533074,21190,PINK HEARTS PAPER GARLAND,12,2010-11-16 07:52:00,1.45,14298.0,United Kingdom
490087,22027,TEA PARTY BIRTHDAY CARD,24,2009-12-03 15:49:00,0.42,15601.0,United Kingdom
529514,84032A,CHARLIE+LOLA PINK HOT WATER BOTTLE,36,2010-10-28 15:05:00,1.25,13669.0,United Kingdom
528097,22665,RECIPE BOX BLUE SKETCHBOOK DESIGN,3,2010-10-20 13:29:00,2.95,17322.0,United Kingdom
519711,21888,BINGO SET,1,2010-08-19 15:13:00,3.75,12851.0,United Kingdom
528629,22566,FELTCRAFT HAIRBAND PINK AND PURPLE,12,2010-10-24 11:18:00,0.85,13654.0,United Kingdom
500380,21114,LAVENDER SCENTED FABRIC HEART,10,2010-03-08 10:17:00,1.25,12825.0,United Kingdom
527328,21644,ASSORTED TUTTI FRUTTI HEART BOX,5,2010-10-15 15:06:00,1.25,12748.0,United Kingdom
512788,84978,HANGING HEART JAR T-LIGHT HOLDER,12,2010-06-18 09:28:00,1.25,13427.0,United Kingdom
492484,20730,STRAWBERRY CANDY BAG,1,2009-12-17 11:43:00,1.25,15862.0,United Kingdom
495551,21549,CERAMIC BIRDHOUSE RED ROOF SMALL,2,2010-01-25 16:17:00,2.95,17085.0,United Kingdom
515326,22551,PLASTERS IN TIN SPACEBOY,1,2010-07-11 12:45:00,1.65,15555.0,United Kingdom
495678,22082,RIBBON REEL STRIPES DESIGN ,1,2010-01-26 11:33:00,1.65,15218.0,United Kingdom
522054,21930,JUMBO STORAGE BAG SKULLS,10,2010-09-10 15:42:00,1.95,15078.0,United Kingdom
501133,85174,S/4 CACTI CANDLES,3,2010-03-14 10:10:00,4.95,17920.0,United Kingdom
522327,22470,HEART OF WICKER LARGE,1,2010-09-13 16:15:00,2.95,18069.0,United Kingdom
505774,84937,KASHMIR FOLKART TUMBLERS,6,2010-04-26 10:33:00,2.1,17663.0,United Kingdom
537250,21244,BLUE POLKADOT PLATE ,8,2010-12-06 10:43:00,1.69,12708.0,Germany
497788,22189,CREAM HEART CARD HOLDER,4,2010-02-12 12:04:00,3.95,18065.0,United Kingdom
499463,21181,PLEASE ONE PERSON METAL SIGN,12,2010-02-28 11:24:00,2.1,13564.0,United Kingdom
523929,22751,FELTCRAFT PRINCESS OLIVIA DOLL,48,2010-09-24 16:50:00,3.39,14646.0,Netherlands
522963,21212,PACK OF 72 RETRO SPOT CAKE CASES,24,2010-09-19 12:40:00,0.55,16053.0,United Kingdom
510685,16156S,WRAP PINK FAIRY CAKES ,25,2010-06-03 09:54:00,0.42,16722.0,United Kingdom
515771,22564,ALPHABET STENCIL CRAFT,1,2010-07-14 14:42:00,1.25,13610.0,United Kingdom
520062,21169,YOU'RE CONFUSING ME METAL SIGN ,6,2010-08-23 16:01:00,1.69,14395.0,United Kingdom
491186,21731,RED TOADSTOOL LED NIGHT LIGHT,1,2009-12-10 12:21:00,1.65,15889.0,United Kingdom
511785,48197,DOOR MAT BIRD ON THE WIRE,4,2010-06-10 13:37:00,7.49,15601.0,United Kingdom
500476,48187,DOOR MAT NEW ENGLAND,1,2010-03-08 12:45:00,7.49,15719.0,United Kingdom
508487,20727,LUNCH BAG  BLACK SKULL.,1,2010-05-16 13:10:00,1.65,18039.0,United Kingdom
505551,22478,BIRDHOUSE GARDEN MARKER ,10,2010-04-23 09:00:00,1.25,16497.0,United Kingdom
511445,21531,RED RETROSPOT SUGAR JAM BOWL,6,2010-06-08 12:27:00,2.55,14194.0,United Kingdom
519194,21899,"KEY FOB , GARAGE DESIGN",6,2010-08-13 17:13:00,0.65,16345.0,United Kingdom
503766,22138,BAKING SET 9 PIECE RETROSPOT ,3,2010-04-07 10:53:00,4.95,16732.0,United Kingdom
518754,82607A,GLASS BONBON JAR PARFUME AUX FLEURE,6,2010-08-11 12:54:00,1.25,17615.0,United Kingdom
498046,84946,ANTIQUE SILVER TEA GLASS ETCHED,12,2010-02-16 10:44:00,1.25,15051.0,United Kingdom
C494491,22212,FOUR HOOK  WHITE LOVEBIRDS,-1,2010-01-14 17:20:00,2.1,17675.0,United Kingdom
534864,85199S,SMALL HANGING IVORY/RED WOOD BIRD,24,2010-11-24 14:13:00,0.42,13495.0,United Kingdom
524830,21497,FANCY FONTS BIRTHDAY WRAP,25,2010-09-30 17:13:00,0.42,14110.0,United Kingdom
504844,22122,SET OF 2 FANCY FONT TEA TOWELS,1,2010-04-16 16:12:00,2.95,12748.0,United Kingdom
527971,21351,CINAMMON & ORANGE WREATH,2,2010-10-20 10:09:00,6.75,13373.0,United Kingdom
529342,21889,WOODEN BOX OF DOMINOES,12,2010-10-27 16:41:00,1.25,18060.0,United Kingdom
515257,21537,RED RETROSPOT PUDDING BOWL,1,2010-07-09 11:52:00,4.25,17241.0,United Kingdom
502337,21212,PACK OF 72 RETRO SPOT CAKE CASES,3,2010-03-24 10:45:00,0.55,17377.0,United Kingdom
504903,21972,SET OF 36 DINOSAUR PAPER DOILIES,1,2010-04-18 15:48:00,1.45,16549.0,United Kingdom
537221,22633,HAND WARMER UNION JACK,4,2010-12-05 15:54:00,2.1,17965.0,United Kingdom
492079,22415,WHITE TISSUE REAM,1,2009-12-15 13:49:00,7.95,15070.0,United Kingdom
522083,21114,LAVENDER SCENTED FABRIC HEART,10,2010-09-12 11:47:00,1.25,16218.0,United Kingdom
489810,20622,VIPPASSPORT COVER ,6,2009-12-02 12:47:00,2.1,18108.0,United Kingdom
493800,82482,WOODEN PICTURE FRAME WHITE FINISH,24,2010-01-07 11:16:00,2.55,18094.0,United Kingdom
498101,20738,GREEN MINI TAPE MEASURE ,20,2010-02-16 13:32:00,0.85,12960.0,United Kingdom
517906,85047,WHITE BEADED GARLAND STRING 20LIGHT,3,2010-08-03 09:53:00,6.35,15081.0,United Kingdom
516884,21380,WOODEN HAPPY BIRTHDAY GARLAND,8,2010-07-23 14:15:00,2.95,15311.0,United Kingdom
536238,22789,T-LIGHT HOLDER SWEETHEART HANGING,4,2010-11-30 14:28:00,1.95,14499.0,United Kingdom
501805,20725,LUNCH BAG RED SPOTTY,2,2010-03-19 14:01:00,1.65,13542.0,United Kingdom
527320,22866,HAND WARMER SCOTTY DOG DESIGN,12,2010-10-15 14:52:00,2.1,14868.0,United Kingdom
536743,21889,WOODEN BOX OF DOMINOES,1,2010-12-02 13:32:00,1.25,17964.0,United Kingdom
517719,21585,SWALLOW SMALL TUBE MATCHES,1,2010-08-01 12:02:00,1.65,17931.0,United Kingdom
529077,20969,RED FLORAL FELTCRAFT SHOULDER BAG,1,2010-10-26 12:54:00,3.75,16372.0,United Kingdom
517046,22712,CARD DOLLY GIRL ,24,2010-07-26 11:58:00,0.42,18245.0,United Kingdom
521405,21218,RED SPOTTY BISCUIT TIN,6,2010-09-06 10:37:00,3.75,13785.0,United Kingdom
491646,22113,GREY HEART HOT WATER BOTTLE,36,2009-12-11 17:00:00,2.95,14031.0,United Kingdom
504622,20983,12 PENCILS TALL TUBE RED SPOTTY,4,2010-04-15 11:49:00,0.85,14569.0,United Kingdom
522991,21812,GARLAND WITH HEARTS AND BELLS,6,2010-09-19 15:16:00,4.95,13709.0,United Kingdom
511123,22116,METAL SIGN HIS DINNER IS SERVED,2,2010-06-07 10:56:00,2.95,17673.0,United Kingdom
535421,20752,BLUE POLKADOT WASHING UP GLOVES,1,2010-11-26 11:50:00,2.1,13555.0,United Kingdom
521225,21523,DOORMAT FANCY FONT HOME SWEET HOME,10,2010-09-03 10:48:00,6.35,15640.0,United Kingdom
493543,21381,MINI WOODEN HAPPY BIRTHDAY GARLAND,8,2010-01-04 16:29:00,1.69,14839.0,United Kingdom
530763,20977,36 PENCILS TUBE WOODLAND,16,2010-11-04 11:59:00,1.25,15379.0,United Kingdom
496342,21212,PACK OF 72 RETRO SPOT CAKE CASES,48,2010-01-31 15:49:00,0.55,17176.0,United Kingdom
509980,22644,CERAMIC CHERRY CAKE MONEY BANK,12,2010-05-26 14:07:00,1.45,12378.0,Switzerland
493716,85023A,CRYSTAL LARGE JEWELLED PHOTO FRAME,6,2010-01-05 16:50:00,2.55,17364.0,United Kingdom
528329,84991,60 TEATIME FAIRY CAKE CASES,4,2010-10-21 13:23:00,0.55,13891.0,United Kingdom
526645,85038,6 CHOCOLATE LOVE HEART T-LIGHTS,1,2010-10-12 13:33:00,2.1,17841.0,United Kingdom
529616,22301,COFFEE MUG CAT + BIRD DESIGN,4,2010-10-29 11:00:00,2.55,14901.0,United Kingdom
513614,21231,SWEETHEART CERAMIC TRINKET BOX,2,2010-06-27 12:19:00,1.25,17618.0,United Kingdom
498429,84510B,SET OF 4 FAIRY CAKES COASTERS ,10,2010-02-18 17:12:00,1.25,15306.0,United Kingdom
528094,47591D,PINK FAIRY CAKE CHILDRENS APRON,8,2010-10-20 13:25:00,1.95,13506.0,United Kingdom
533575,17003,BROCADE RING PURSE ,36,2010-11-18 11:00:00,0.21,17430.0,United Kingdom
533822,22232,JIGSAW TOADSTOOLS 3 PIECE,8,2010-11-19 09:40:00,1.65,12647.0,Germany
515761,22713,CARD I LOVE LONDON ,12,2010-07-14 13:42:00,0.42,17377.0,United Kingdom
509386,21447,12 IVORY ROSE PEG PLACE SETTINGS,24,2010-05-21 16:45:00,1.25,14409.0,United Kingdom
534708,82001S,VINYL RECORD FRAME SILVER,24,2010-11-23 16:49:00,3.39,13078.0,United Kingdom
534818,21018,BIRD BOX CHRISTMAS TREE DECORATION,2,2010-11-24 12:52:00,0.85,18116.0,United Kingdom
496201,20672,PINK TEATIME PRINT BOWL,2,2010-01-29 12:35:00,1.25,15898.0,United Kingdom
496357,85123A,WHITE HANGING HEART T-LIGHT HOLDER,12,2010-02-01 10:10:00,2.95,12540.0,Spain
505574,84932C,SMALL ORIENTAL BLUE FOLDING STOOL,8,2010-04-23 11:44:00,1.95,13269.0,United Kingdom
511075,21977,PACK OF 60 PINK PAISLEY CAKE CASES,24,2010-06-06 13:47:00,0.55,13767.0,United Kingdom
523958,47566,PARTY BUNTING,50,2010-09-26 12:21:00,3.75,14626.0,United Kingdom
528040,85123A,WHITE HANGING HEART T-LIGHT HOLDER,6,2010-10-20 11:32:00,2.95,13557.0,United Kingdom
512889,22624,IVORY KITCHEN SCALES,1,2010-06-18 12:04:00,8.5,16797.0,United Kingdom
C504632,37449,CERAMIC CAKE STAND + HANGING CAKES,-2,2010-04-15 13:03:00,8.5,15311.0,United Kingdom
529585,21912,VINTAGE SNAKES & LADDERS,8,2010-10-28 19:37:00,3.75,14911.0,EIRE
499897,85162C,WHITE RETRODISC LAMPSHADE,12,2010-03-03 11:53:00,1.95,14298.0,United Kingdom
517384,22429,ENAMEL MEASURING JUG CREAM,1,2010-07-28 17:46:00,4.25,16984.0,United Kingdom
535961,22865,HAND WARMER OWL DESIGN,1,2010-11-29 12:36:00,2.1,18034.0,United Kingdom
507133,84836,ZINC METAL HEART DECORATION,12,2010-05-06 12:29:00,1.25,14461.0,United Kingdom
522029,22629,SPACEBOY LUNCH BOX ,12,2010-09-10 12:05:00,1.95,12474.0,Germany
504449,84988,SET OF 72 PINK HEART PAPER DOILIES,12,2010-04-13 14:53:00,1.45,12459.0,Spain
525466,22342,HOME GARLAND PAINTED ZINC ,12,2010-10-05 14:52:00,1.65,17657.0,United Kingdom
533499,22119,PEACE WOODEN BLOCK LETTERS,3,2010-11-17 13:46:00,6.95,15428.0,United Kingdom
505634,22607,WOODEN ROUNDERS GARDEN SET ,1,2010-04-23 13:12:00,8.5,15518.0,United Kingdom
519696,22681,"FRENCH BLUE METAL DOOR SIGN, 6",10,2010-08-19 14:13:00,1.25,13089.0,United Kingdom
530377,22789,T-LIGHT HOLDER SWEETHEART HANGING,8,2010-11-02 16:32:00,1.95,13921.0,United Kingdom
491201,21260,FIRST AID TIN,48,2009-12-10 13:27:00,2.75,12989.0,United Kingdom
528089,22147,FELTCRAFT BUTTERFLY HEARTS,2,2010-10-20 13:12:00,1.45,14449.0,United Kingdom
524155,22606,WOODEN SKITTLES GARDEN SET,12,2010-09-27 16:00:00,12.75,14911.0,EIRE
524305,22591,CARDHOLDER GINGHAM CHRISTMAS TREE,6,2010-09-28 13:40:00,2.55,14988.0,United Kingdom
528963,21544,SKULLS  WATER TRANSFER TATTOOS ,12,2010-10-26 09:52:00,0.85,15366.0,United Kingdom
502093,22487,WHITE WOOD GARDEN PLANT LADDER,2,2010-03-22 17:32:00,9.95,16823.0,United Kingdom
500329,85194S,HANGING SPRING FLOWER EGG SMALL,20,2010-03-07 12:56:00,0.65,13764.0,United Kingdom
504154,84950,ASSORTED COLOUR T-LIGHT HOLDER,12,2010-04-11 14:28:00,0.85,15443.0,United Kingdom
527657,22297,HEART IVORY TRELLIS SMALL,24,2010-10-18 14:12:00,1.25,16141.0,United Kingdom
536412,22273,FELTCRAFT DOLL MOLLY,2,2010-12-01 11:49:00,2.95,17920.0,United Kingdom
534413,22483,RED GINGHAM TEDDY BEAR ,24,2010-11-22 14:47:00,2.55,18144.0,United Kingdom
497203,84991,60 TEATIME FAIRY CAKE CASES,1,2010-02-07 11:48:00,0.55,14546.0,United Kingdom
524525,20914,SET/5 RED RETROSPOT LID GLASS BOWLS,1,2010-09-29 13:15:00,2.95,14449.0,United Kingdom
500781,22027,TEA PARTY BIRTHDAY CARD,24,2010-03-10 10:50:00,0.42,14286.0,United Kingdom
512755,22383,LUNCH BAG SUKI  DESIGN ,10,2010-06-17 15:34:00,1.65,13115.0,United Kingdom
519234,47559B,TEA TIME OVEN GLOVE,4,2010-08-15 13:18:00,1.25,17618.0,United Kingdom
536744,21843,RED RETROSPOT CAKE STAND,2,2010-12-02 13:36:00,10.95,14466.0,United Kingdom
509985,21883,STARS GIFT TAPE ,12,2010-05-26 14:43:00,0.65,12681.0,France
522273,22668,PINK BABY BUNTING,1,2010-09-13 12:41:00,2.95,16470.0,United Kingdom
533278,21914,BLUE HARMONICA IN BOX ,3,2010-11-16 15:24:00,1.25,13439.0,United Kingdom
519800,22475,SKULL DESIGN TV DINNER TRAY,64,2010-08-20 12:28:00,4.25,18251.0,United Kingdom
500498,48185,DOOR MAT FAIRY CAKE,4,2010-03-08 13:17:00,7.49,17672.0,United Kingdom
491400,21669,BLUE STRIPE CERAMIC DRAWER KNOB,12,2009-12-10 17:09:00,1.25,17696.0,United Kingdom
537351,84596L,BISCUITS SMALL BOWL LIGHT BLUE,1,2010-12-06 12:23:00,1.25,16898.0,United Kingdom
514355,21584,RETRO SPOT SMALL TUBE MATCHES,5,2010-07-01 16:48:00,1.65,17589.0,United Kingdom
524485,22646,CERAMIC STRAWBERRY CAKE MONEY BANK,12,2010-09-29 11:53:00,1.45,16783.0,United Kingdom
523923,84836,ZINC METAL HEART DECORATION,12,2010-09-24 16:25:00,1.25,13513.0,United Kingdom
509454,84997D,PINK 3 PIECE MINI DOTS CUTLERY SET,6,2010-05-24 10:02:00,3.75,12921.0,United Kingdom
523361,22335,HEART DECORATION PAINTED ZINC ,24,2010-09-21 17:50:00,0.65,13214.0,United Kingdom
504858,22514,CHILDS GARDEN SPADE BLUE,6,2010-04-18 11:40:00,2.1,18172.0,United Kingdom
532087,84879,ASSORTED COLOUR BIRD ORNAMENT,32,2010-11-10 15:32:00,1.69,13735.0,United Kingdom
536551,22111,SCOTTIE DOG HOT WATER BOTTLE,1,2010-12-01 14:34:00,4.95,17346.0,United Kingdom
507404,21531,RED RETROSPOT SUGAR JAM BOWL,1,2010-05-09 13:43:00,2.55,14606.0,United Kingdom
505847,21328,BALLOONS  WRITING SET ,3,2010-04-26 12:11:00,1.65,14710.0,United Kingdom
508003,21080,SET/20 RED SPOTTY PAPER NAPKINS ,1,2010-05-12 11:49:00,0.85,15012.0,United Kingdom
518406,21931,JUMBO STORAGE BAG SUKI,4,2010-08-08 14:26:00,1.95,17802.0,United Kingdom
516452,82580,BATHROOM METAL SIGN,12,2010-07-20 13:17:00,0.55,13154.0,United Kingdom
531842,22959,WRAP CHRISTMAS VILLAGE,25,2010-11-10 09:19:00,0.42,17082.0,United Kingdom
521392,84969,BOX OF 6 ASSORTED COLOUR TEASPOONS,6,2010-09-05 14:40:00,4.25,16170.0,United Kingdom
524611,22910,PAPER CHAIN KIT VINTAGE CHRISTMAS,40,2010-09-30 09:37:00,2.55,13078.0,United Kingdom
534414,22654,DELUXE SEWING KIT ,3,2010-11-22 14:49:00,5.95,15590.0,United Kingdom
497509,84684,BEACH HUT PHOTO FRAME,1,2010-02-10 11:52:00,2.55,13164.0,United Kingdom
536783,22629,SPACEBOY LUNCH BOX ,64,2010-12-02 15:19:00,1.65,15061.0,United Kingdom
512919,22505,MEMO BOARD COTTAGE DESIGN,4,2010-06-18 16:17:00,4.95,18044.0,United Kingdom
535465,22111,SCOTTIE DOG HOT WATER BOTTLE,6,2010-11-26 13:22:00,4.95,16254.0,United Kingdom
521921,POST,POSTAGE,4,2010-09-09 14:48:00,18.0,12681.0,France
500021,21498,RED SPOTS  WRAP ,25,2010-03-04 10:46:00,0.42,13044.0,United Kingdom
510969,22378,WALL TIDY RETROSPOT ,3,2010-06-04 11:50:00,2.1,16470.0,United Kingdom
513953,21086,SET/6 RED SPOTTY PAPER CUPS,24,2010-06-29 14:14:00,0.65,14426.0,United Kingdom
528363,22766,PHOTO FRAME CORNICE,8,2010-10-21 15:38:00,2.95,14442.0,Channel Islands
507407,21733,RED HANGING HEART T-LIGHT HOLDER,6,2010-05-09 13:50:00,2.95,14221.0,United Kingdom
514514,84992,72 SWEETHEART FAIRY CAKE CASES,2,2010-07-04 13:59:00,0.55,15976.0,United Kingdom
509051,22510,DOORSTOP RUSSIAN DOLL GINGHAM,1,2010-05-20 11:04:00,3.75,15854.0,United Kingdom
505787,21270,ANTIQUE CREAM CUTLERY CUPBOARD,2,2010-04-26 10:57:00,12.75,16814.0,United Kingdom
526028,21975,PACK OF 60 DINOSAUR CAKE CASES,2,2010-10-08 11:45:00,0.55,16549.0,United Kingdom
529342,47591D,PINK FAIRY CAKE CHILDRENS APRON,8,2010-10-27 16:41:00,1.95,18060.0,United Kingdom
536233,82482,WOODEN PICTURE FRAME WHITE FINISH,6,2010-11-30 14:15:00,2.55,15570.0,United Kingdom
506227,21865,PINK UNION JACK  PASSPORT COVER ,6,2010-04-28 12:04:00,2.1,13539.0,United Kingdom
518481,85097B,BLUE ROCKING SINGING CANARY,2,2010-08-09 12:22:00,3.75,17841.0,United Kingdom
521549,22301,COFFEE MUG CAT + BIRD DESIGN,6,2010-09-06 15:55:00,2.55,14156.0,EIRE
526167,16169F,WRAP BLIZZARD,25,2010-10-10 10:33:00,0.42,14334.0,United Kingdom
520192,21485,RED SPOT HEART HOT WATER BOTTLE,3,2010-08-24 14:46:00,4.95,14766.0,United Kingdom
520420,82597,BOMBS AWAY METAL SIGN,12,2010-08-26 09:53:00,2.1,14210.0,United Kingdom
517755,20725,LUNCH BAG RED SPOTTY,10,2010-08-02 10:29:00,1.65,13647.0,United Kingdom
530969,22865,HAND WARMER OWL DESIGN,12,2010-11-05 09:07:00,2.1,13448.0,United Kingdom
504898,22088,PAPER BUNTING COLOURED LACE,2,2010-04-18 14:35:00,2.95,16409.0,United Kingdom
493672,20684,STRAWBERRY DREAM CHILDS UMBRELLA,2,2010-01-05 12:26:00,3.25,17861.0,United Kingdom
534035,22222,CAKE PLATE LOVEBIRD WHITE,1,2010-11-19 15:50:00,4.95,13124.0,United Kingdom
518500,82597,BOMBS AWAY METAL SIGN,2,2010-08-09 12:51:00,2.1,17137.0,United Kingdom
513349,72741,GRAND CHOCOLATECANDLE,9,2010-06-24 11:28:00,1.45,14606.0,United Kingdom
523922,22111,SCOTTIE DOG HOT WATER BOTTLE,6,2010-09-24 16:24:00,4.95,13141.0,United Kingdom
516306,22705,WRAP GREEN PEARS ,25,2010-07-19 13:46:00,0.42,13178.0,United Kingdom
525524,21828,EIGHT PIECE SNAKE  SET,1,2010-10-05 17:55:00,1.25,15750.0,United Kingdom
510428,35971,ROSE FOLKART HEART DECORATIONS,24,2010-05-30 12:48:00,1.25,17617.0,United Kingdom
523195,85099B,JUMBO BAG RED RETROSPOT,200,2010-09-21 08:25:00,1.65,13802.0,United Kingdom
537608,22571,ROCKING HORSE RED CHRISTMAS ,5,2010-12-07 13:20:00,0.85,15024.0,United Kingdom
526246,22356,CHARLOTTE BAG PINK WITH WHITE SPOTS,10,2010-10-11 09:44:00,0.85,12909.0,United Kingdom
C527930,20832,RED FLOCK LOVE HEART PHOTO FRAME,-3,2010-10-19 13:32:00,0.85,16795.0,United Kingdom
512937,22184,CAKE STAND VICTORIAN FILIGREE LARGE,2,2010-06-20 13:28:00,8.5,13634.0,United Kingdom
528329,84992,72 SWEETHEART FAIRY CAKE CASES,2,2010-10-21 13:23:00,0.55,13891.0,United Kingdom
499596,84546,CROCHET POODLE KEYRING,3,2010-03-01 12:21:00,1.65,16511.0,United Kingdom
518679,90062,CARNIVAL BRACELET,6,2010-08-10 17:02:00,12.75,13421.0,United Kingdom
510498,21937,STRAWBERRY   PICNIC BAG,5,2010-06-01 12:42:00,2.95,14227.0,United Kingdom
508483,21174,POTTERING IN THE SHED METAL SIGN,1,2010-05-16 12:51:00,1.95,17841.0,United Kingdom
489537,84898F,YELLOW FLOWERS FELT HANDBAG KIT,5,2009-12-01 12:14:00,2.1,14040.0,United Kingdom
508251,22561,WOODEN SCHOOL COLOURING SET,24,2010-05-14 10:40:00,1.65,13157.0,United Kingdom
512286,85123A,WHITE HANGING HEART T-LIGHT HOLDER,5,2010-06-14 14:27:00,2.95,15967.0,United Kingdom
528921,22335,HEART DECORATION PAINTED ZINC ,24,2010-10-25 14:32:00,0.65,15064.0,United Kingdom
502592,22276,WASH BAG VINTAGE ROSE PAISLEY,6,2010-03-25 13:02:00,2.55,13995.0,United Kingdom
536182,21258,VICTORIAN SEWING BOX LARGE,1,2010-11-30 12:25:00,12.75,18260.0,United Kingdom
511468,21559,STRAWBERRY LUNCH BOX WITH CUTLERY,12,2010-06-08 13:10:00,2.55,13141.0,United Kingdom
510761,82583,HOT BATHS METAL SIGN,1,2010-06-03 13:03:00,2.1,17216.0,United Kingdom
521771,22186,RED STAR CARD HOLDER,6,2010-09-08 12:33:00,2.95,13931.0,United Kingdom
521393,82484,WOOD BLACK BOARD ANT WHITE FINISH,3,2010-09-05 15:27:00,6.45,14194.0,United Kingdom
511787,22470,HEART OF WICKER LARGE,6,2010-06-10 13:47:00,2.95,15757.0,United Kingdom
505716,21217,RED SPOTTY ROUND CAKE TINS,1,2010-04-25 13:18:00,9.95,18091.0,United Kingdom
522432,22557,PLASTERS IN TIN VINTAGE PAISLEY ,4,2010-09-14 13:34:00,1.65,15965.0,United Kingdom
534374,22469,HEART OF WICKER SMALL,40,2010-11-22 12:26:00,1.45,17730.0,United Kingdom
C521485,22360,GLASS JAR ENGLISH CONFECTIONERY,-6,2010-09-06 13:30:00,2.55,16325.0,United Kingdom
524102,84637,KITCHEN FLOWER POTS WALL PLAQUE,2,2010-09-27 12:45:00,5.95,17315.0,United Kingdom
502753,22112,CHOCOLATE HOT WATER BOTTLE,3,2010-03-26 13:30:00,4.95,16923.0,United Kingdom
503541,20765,CHRYSANTHEMUM SKETCHBOOK ,4,2010-04-01 14:18:00,3.75,14748.0,United Kingdom
500329,21975,PACK OF 60 DINOSAUR CAKE CASES,2,2010-03-07 12:56:00,0.55,13764.0,United Kingdom
489580,84991,60 TEATIME FAIRY CAKE CASES,24,2009-12-01 13:43:00,0.55,12921.0,United Kingdom
505713,82580,BATHROOM METAL SIGN,12,2010-04-25 13:07:00,0.55,18178.0,United Kingdom
490078,37501,TEA TIME TEA SET IN GIFT BOX,4,2009-12-03 15:09:00,6.95,17853.0,United Kingdom
536359,20914,SET/5 RED RETROSPOT LID GLASS BOWLS,24,2010-11-30 18:05:00,2.95,17281.0,United Kingdom
525696,22295,HEART FILIGREE DOVE LARGE,12,2010-10-06 12:34:00,1.65,16437.0,United Kingdom
523213,20711,JUMBO BAG TOYS ,20,2010-09-21 10:47:00,1.95,16945.0,United Kingdom
502724,22122,SET OF 2 FANCY FONT TEA TOWELS,12,2010-03-26 11:26:00,2.95,14110.0,United Kingdom
531571,21658,GLASS  BEURRE DISH,4,2010-11-09 10:38:00,3.95,14496.0,United Kingdom
494866,21947,SET OF 6 HEART CHOPSTICKS,6,2010-01-19 11:20:00,1.25,16253.0,United Kingdom
520860,21498,RED SPOTS  WRAP ,25,2010-08-31 13:57:00,0.42,12540.0,Spain
497956,15056BL,EDWARDIAN PARASOL BLACK,3,2010-02-15 13:13:00,5.95,17136.0,United Kingdom
524862,21988,PACK OF 6 SKULL PAPER PLATES,12,2010-10-01 08:39:00,0.85,12417.0,Spain
537159,22765,NEWSPAPER STAND,1,2010-12-05 13:17:00,14.95,14527.0,United Kingdom
520701,21929,JUMBO BAG PINK VINTAGE PAISLEY,1,2010-08-29 11:38:00,1.95,15058.0,United Kingdom
522283,22189,CREAM HEART CARD HOLDER,4,2010-09-13 13:29:00,3.95,13479.0,United Kingdom
528383,22652,TRAVEL SEWING KIT,3,2010-10-21 18:21:00,1.65,14686.0,United Kingdom
519910,22274,FELTCRAFT DOLL EMILY,12,2010-08-22 13:46:00,2.95,13157.0,United Kingdom
523516,21874,GIN AND TONIC MUG,12,2010-09-22 12:46:00,1.25,13089.0,United Kingdom
517760,21559,STRAWBERRY LUNCH BOX WITH CUTLERY,2,2010-08-02 10:42:00,2.55,17068.0,United Kingdom
529990,22816,CARD MOTORBIKE SANTA,12,2010-10-31 16:16:00,0.42,14505.0,United Kingdom
520894,21908,CHOCOLATE THIS WAY METAL SIGN,1,2010-08-31 17:31:00,2.1,16549.0,United Kingdom
500121,79320, FLAMINGO LIGHTS,4,2010-03-04 14:05:00,4.95,12490.0,France
535875,22423,REGENCY CAKESTAND 3 TIER,1,2010-11-29 10:50:00,12.75,15747.0,United Kingdom
508996,22561,WOODEN SCHOOL COLOURING SET,12,2010-05-19 12:52:00,1.65,13982.0,United Kingdom
502087,22114,HOT WATER BOTTLE TEA AND SYMPATHY,4,2010-03-22 15:59:00,3.95,17496.0,United Kingdom
515313,22297,HEART IVORY TRELLIS SMALL,2,2010-07-11 10:28:00,1.25,15164.0,United Kingdom
C514602,22080,RIBBON REEL SPOTS DESIGN ,-1,2010-07-05 12:19:00,1.65,12755.0,Japan
506055,77101A,UNION FLAG WINDSOCK,2,2010-04-27 11:50:00,1.25,16117.0,United Kingdom
517542,84837,WHITE SWEETHEARTS CABINET 4 DRAWERS,1,2010-07-29 16:35:00,12.75,15021.0,United Kingdom
510662,22071,SMALL WHITE RETROSPOT MUG IN BOX ,4,2010-06-02 14:48:00,3.75,17096.0,United Kingdom
507643,48185,DOOR MAT FAIRY CAKE,2,2010-05-10 15:18:00,7.49,16614.0,United Kingdom
502799,90048,GREEN WITH METAL BAG CHARM,2,2010-03-26 16:17:00,4.95,15867.0,United Kingdom
536943,22731,3D CHRISTMAS STAMPS STICKERS ,1,2010-12-03 12:11:00,1.25,17884.0,United Kingdom
495079,20766,GARDEN PATH SKETCHBOOK,4,2010-01-21 09:37:00,3.75,15095.0,United Kingdom
521469,22671,FRENCH LAUNDRY SIGN BLUE METAL,4,2010-09-06 11:57:00,1.65,16255.0,United Kingdom
504100,21700,BIG DOUGHNUT FRIDGE MAGNETS,12,2010-04-09 14:38:00,0.85,13802.0,United Kingdom
512409,21381,MINI WOODEN HAPPY BIRTHDAY GARLAND,12,2010-06-15 13:18:00,1.69,16307.0,United Kingdom
C531807,21586,KINGS CHOICE GIANT TUBE MATCHES,-12,2010-11-09 16:12:00,2.55,15215.0,United Kingdom
495149,21684,SMALL MEDINA STAMPED METAL BOWL ,12,2010-01-21 11:44:00,0.85,14320.0,United Kingdom
502761,85175,CACTI T-LIGHT CANDLES,16,2010-03-26 13:50:00,0.42,13117.0,United Kingdom
512109,22352,LUNCH BOX WITH CUTLERY RETROSPOT ,3,2010-06-13 14:30:00,2.55,16710.0,United Kingdom
506163,82580,BATHROOM METAL SIGN,12,2010-04-28 09:18:00,0.55,15498.0,United Kingdom
505004,22402,MAGNETS PACK OF 4 VINTAGE COLLAGE,12,2010-04-19 12:45:00,1.25,13093.0,United Kingdom
503972,22549,PICTURE DOMINOES,1,2010-04-08 17:44:00,1.45,17180.0,United Kingdom
498135,21497,FANCY FONTS BIRTHDAY WRAP,25,2010-02-16 17:47:00,0.42,14911.0,EIRE
499013,20718,RED SPOTTY SHOPPER BAG,10,2010-02-24 12:14:00,1.25,12909.0,United Kingdom
517542,21033,JUMBO BAG CHARLIE AND LOLA TOYS,1,2010-07-29 16:35:00,2.95,15021.0,United Kingdom
523942,20685,DOORMAT RED RETROSPOT,4,2010-09-26 11:10:00,7.95,14532.0,United Kingdom
491681,37502,TEA TIME MUG IN GIFT BOX,2,2009-12-13 12:31:00,2.95,15751.0,United Kingdom
515911,22630,DOLLY GIRL LUNCH BOX,12,2010-07-15 13:19:00,1.65,14298.0,United Kingdom
506840,21673,WHITE SPOT BLUE CERAMIC DRAWER KNOB,12,2010-05-04 13:59:00,1.25,12725.0,Italy
531254,22909,SET OF 20 VINTAGE CHRISTMAS NAPKINS,6,2010-11-07 11:13:00,0.85,18077.0,United Kingdom
497618,72799E,IVORY PILLAR CANDLE SILVER FLOCK,2,2010-02-11 12:18:00,2.95,15044.0,United Kingdom
516593,21936,RED RETROSPOT PICNIC BAG,5,2010-07-21 13:59:00,2.95,17469.0,United Kingdom
491111,21486,PINK HEART DOTS HOT WATER BOTTLE,2,2009-12-09 14:38:00,3.75,15005.0,United Kingdom
495393,20971,PINK BLUE FELT CRAFT TRINKET BOX,1,2010-01-24 15:42:00,1.25,15483.0,United Kingdom
497209,37485,ENGLISH ROSE TEA SET IN GIFT BOX,1,2010-02-07 12:40:00,4.65,16788.0,United Kingdom
505507,22508,DOORSTOP RETROSPOT HEART,4,2010-04-22 14:15:00,3.75,15073.0,United Kingdom
533000,22636,CHILDS BREAKFAST SET CIRCUS PARADE,1,2010-11-15 14:49:00,8.5,16686.0,United Kingdom
501912,22027,TEA PARTY BIRTHDAY CARD,12,2010-03-22 09:19:00,0.42,17552.0,United Kingdom
523638,84849B,FAIRY SOAP SOAP HOLDER,6,2010-09-23 12:01:00,1.69,13097.0,United Kingdom
528377,22381,TOY TIDY PINK POLKADOT,1,2010-10-21 17:38:00,2.1,15998.0,United Kingdom
520968,21213,PACK OF 72 SKULL CAKE CASES,120,2010-09-01 12:21:00,0.42,14299.0,United Kingdom
508494,20726,LUNCH BAG WOODLAND,20,2010-05-16 13:49:00,1.65,12806.0,Netherlands
531947,22297,HEART IVORY TRELLIS SMALL,3,2010-11-10 12:16:00,1.25,14390.0,United Kingdom
503667,72802B,OCEAN SCENT CANDLE IN JEWELLED BOX,1,2010-04-06 11:42:00,4.25,15493.0,United Kingdom
491317,21524,SPOTTY  HOME SWEET HOME DOORMAT,2,2009-12-10 15:28:00,6.75,16670.0,United Kingdom
524842,22664,TOY TIDY DOLLY GIRL DESIGN,5,2010-09-30 18:02:00,2.1,12951.0,United Kingdom
501385,22138,BAKING SET 9 PIECE RETROSPOT ,2,2010-03-16 11:08:00,4.95,17238.0,United Kingdom
521483,22402,MAGNETS PACK OF 4 VINTAGE COLLAGE,24,2010-09-06 13:26:00,1.25,13093.0,United Kingdom
515427,40005B,BLUE ORGANDY ROUND LAMPSHADE W BEA,4,2010-07-12 13:45:00,0.85,13044.0,United Kingdom
527912,22646,CERAMIC STRAWBERRY CAKE MONEY BANK,4,2010-10-19 13:00:00,1.45,16919.0,United Kingdom
505070,21733,RED HANGING HEART T-LIGHT HOLDER,3,2010-04-19 17:11:00,2.95,13679.0,United Kingdom
530288,22842,BISCUIT TIN VINTAGE RED,1,2010-11-02 12:16:00,6.75,14593.0,United Kingdom
534221,22956,36 FOIL HEART CAKE CASES,2,2010-11-21 16:15:00,2.1,16049.0,United Kingdom
524577,90205C,LARGE CRYSTAL DIAMANTE HAIRSLIDE,4,2010-09-29 16:14:00,1.65,16202.0,United Kingdom
536540,22493,PAINT YOUR OWN CANVAS SET,24,2010-12-01 14:05:00,1.65,14911.0,EIRE
512262,22025,RING OF ROSES BIRTHDAY CARD,12,2010-06-14 13:18:00,0.42,16007.0,United Kingdom
525966,22585,PACK OF 6 BIRDY GIFT TAGS,12,2010-10-08 09:58:00,1.25,16499.0,United Kingdom
490499,82552,WASHROOM METAL SIGN,12,2009-12-06 13:45:00,1.25,17406.0,United Kingdom
532807,22187,GREEN CHRISTMAS TREE CARD HOLDER,4,2010-11-14 15:17:00,4.25,17841.0,United Kingdom
536943,35954,SMALL FOLKART STAR CHRISTMAS DEC,48,2010-12-03 12:11:00,0.42,17884.0,United Kingdom
518950,22652,TRAVEL SEWING KIT,12,2010-08-12 15:06:00,1.65,15296.0,United Kingdom
497398,22185,SLATE TILE NATURAL HANGING,2,2010-02-09 13:19:00,1.65,16436.0,United Kingdom
501484,84692,BOX OF 24 COCKTAIL PARASOLS,25,2010-03-17 10:33:00,0.42,14911.0,EIRE
512527,22605,WOODEN CROQUET GARDEN SET,1,2010-06-16 11:53:00,12.75,17448.0,United Kingdom
490966,21616,4 PEAR BOTANICAL DINNER CANDLES,2,2009-12-08 16:20:00,3.75,17178.0,United Kingdom
502848,22520,CHILDS GARDEN TROWEL BLUE ,2,2010-03-28 14:04:00,0.85,15570.0,United Kingdom
493701,21671,RED SPOT CERAMIC DRAWER KNOB,6,2010-01-05 13:58:00,1.25,15865.0,United Kingdom
489446,22294,HEART FILIGREE DOVE  SMALL,24,2009-12-01 10:06:00,1.25,13758.0,United Kingdom
513263,22433,WATERING CAN GREEN DINOSAUR,4,2010-06-23 11:34:00,1.95,14725.0,United Kingdom
517111,35957,SMALLFOLKART BAUBLE CHRISTMAS DEC,48,2010-07-26 15:41:00,0.42,14854.0,United Kingdom
529818,22551,PLASTERS IN TIN SPACEBOY,1,2010-10-31 11:22:00,1.65,14087.0,United Kingdom
532347,21071,VINTAGE BILLBOARD DRINK ME MUG,12,2010-11-11 16:15:00,1.25,16690.0,United Kingdom
501006,21218,RED SPOTTY BISCUIT TIN,24,2010-03-11 14:33:00,3.25,14646.0,Netherlands
514497,22469,HEART OF WICKER SMALL,1,2010-07-04 10:36:00,1.65,16782.0,United Kingdom
526267,21212,PACK OF 72 RETROSPOT CAKE CASES,96,2010-10-11 10:56:00,0.55,12678.0,France
532340,22837,HOT WATER BOTTLE BABUSHKA ,4,2010-11-11 15:56:00,4.65,14600.0,United Kingdom
495237,21481,FAWN BLUE HOT WATER BOTTLE,6,2010-01-22 09:44:00,2.95,17160.0,United Kingdom
C508738,79323B,BLACK CHERRY LIGHTS,-1,2010-05-18 11:04:00,6.75,18223.0,United Kingdom
509442,37446,MINI CAKE STAND WITH HANGING CAKES,8,2010-05-23 16:02:00,1.45,14560.0,United Kingdom
503295,85177,BASKET OF FLOWERS SEWING KIT,12,2010-03-31 11:40:00,0.85,13179.0,United Kingdom
497256,47590A,BLUE HAPPY BIRTHDAY BUNTING,6,2010-02-08 12:39:00,5.45,13417.0,United Kingdom
526204,22271,FELTCRAFT DOLL ROSIE,4,2010-10-10 13:23:00,2.95,14040.0,United Kingdom
519610,84945,MULTI COLOUR SILVER T-LIGHT HOLDER,12,2010-08-18 16:54:00,0.85,15494.0,United Kingdom
529847,22071,SMALL WHITE RETROSPOT MUG IN BOX ,1,2010-10-31 13:23:00,3.75,13050.0,United Kingdom
508505,22178,VICTORIAN GLASS HANGING T-LIGHT,1,2010-05-16 16:05:00,1.25,16549.0,United Kingdom
513015,22610,PENS ASSORTED FUNNY FACE,36,2010-06-21 11:38:00,0.85,15819.0,United Kingdom
522802,85184D,S/4 BLUE ROUND DECOUPAGE BOXES,1,2010-09-16 16:15:00,2.95,17608.0,United Kingdom
512116,22561,WOODEN SCHOOL COLOURING SET,2,2010-06-13 14:53:00,1.65,17231.0,United Kingdom
490642,21507,"ELEPHANT, BIRTHDAY CARD, ",12,2009-12-07 12:19:00,0.42,15358.0,United Kingdom
491435,21108,FAIRY CAKE FLANNEL ASSORTED COLOUR,1,2009-12-11 10:10:00,2.55,14606.0,United Kingdom
518346,21316,SMALL CHUNKY GLASS ROMAN  BOWL,24,2010-08-06 14:09:00,0.85,13929.0,United Kingdom
529810,21094,SET/6 RED SPOTTY PAPER PLATES,3,2010-10-31 11:01:00,0.85,16010.0,United Kingdom
523332,22662,LUNCH BAG DOLLY GIRL DESIGN,100,2010-09-21 14:48:00,1.45,16705.0,United Kingdom
518613,90175D,TIGRIS EYE CHUNKY CHARM BRACELET,1,2010-08-10 12:37:00,8.95,16713.0,United Kingdom
519194,22592,CARDHOLDER HOLLY WREATH METAL,8,2010-08-13 17:13:00,3.75,16345.0,United Kingdom
502765,21165,BEWARE OF THE CAT METAL SIGN ,1,2010-03-26 14:01:00,1.69,17371.0,United Kingdom
514002,21212,PACK OF 72 RETRO SPOT CAKE CASES,24,2010-06-30 09:24:00,0.55,17155.0,United Kingdom
529720,21154,RED RETROSPOT OVEN GLOVE ,10,2010-10-29 13:58:00,1.25,12705.0,Germany
526642,22895,SET OF 2 TEA TOWELS APPLE AND PEARS,12,2010-10-12 13:26:00,2.95,12647.0,Germany
533591,21668,RED STRIPE CERAMIC DRAWER KNOB,12,2010-11-18 11:59:00,1.25,16554.0,United Kingdom
510137,22326,ROUND SNACK BOXES SET OF4 WOODLAND ,2,2010-05-27 12:21:00,2.95,17068.0,United Kingdom
500356,21114,LAVENDER SCENTED FABRIC HEART,5,2010-03-07 15:34:00,1.25,16984.0,United Kingdom
510685,22332,SKULLS PARTY BAG + STICKER SET,8,2010-06-03 09:54:00,1.65,16722.0,United Kingdom
504160,22296,HEART IVORY TRELLIS LARGE,4,2010-04-11 15:54:00,1.65,15555.0,United Kingdom
509743,84692,BOX OF 24 COCKTAIL PARASOLS,3,2010-05-25 13:21:00,0.42,17841.0,United Kingdom
526500,22672,FRENCH BATHROOM SIGN BLUE METAL,12,2010-10-12 10:12:00,1.65,17700.0,United Kingdom
510659,21190,PINK HEARTS PAPER GARLAND,1,2010-06-02 14:24:00,1.65,16549.0,United Kingdom
530139,85230B,CINNAMON SCENTED VOTIVE CANDLE,24,2010-11-01 16:24:00,0.29,14426.0,United Kingdom
538051,84985A,SET OF 72 GREEN PAPER DOILIES,1,2010-12-09 13:24:00,1.45,18041.0,United Kingdom
526915,21098,CHRISTMAS TOILET ROLL,2,2010-10-13 16:18:00,1.25,15652.0,United Kingdom
495507,22021,BLUE FELT EASTER EGG BASKET,2,2010-01-25 13:22:00,1.65,14514.0,United Kingdom
504890,22558,CLOTHES PEGS RETROSPOT PACK 24 ,4,2010-04-18 13:53:00,1.25,14415.0,United Kingdom
520189,21217,RED SPOTTY ROUND CAKE TINS,4,2010-08-24 14:29:00,9.95,14911.0,EIRE
527921,22178,VICTORIAN GLASS HANGING T-LIGHT,36,2010-10-19 13:17:00,1.25,16119.0,United Kingdom
521470,22646,CERAMIC STRAWBERRY CAKE MONEY BANK,4,2010-09-06 12:04:00,1.45,16246.0,United Kingdom
505398,22548,HEADS AND TAILS SPORTING FUN,12,2010-04-22 10:10:00,1.25,13855.0,United Kingdom
507417,84879,ASSORTED COLOUR BIRD ORNAMENT,16,2010-05-09 14:35:00,1.69,13425.0,United Kingdom
498552,22192,BLUE DINER WALL CLOCK,1,2010-02-21 10:25:00,8.5,17243.0,United Kingdom
506843,82551,LAUNDRY 15C METAL SIGN,12,2010-05-04 14:12:00,1.25,15122.0,United Kingdom
521205,22331,WOODLAND PARTY BAG + STICKER SET,2,2010-09-02 18:22:00,1.65,17324.0,United Kingdom
493899,79030G,"TUMBLER, NEW ENGLAND",6,2010-01-08 10:43:00,1.65,12417.0,Belgium
500169,84934,ASSTD DESIGN POP ART SLIM PEN,240,2010-03-05 09:39:00,0.85,12497.0,Germany
523200,21086,SET/6 RED SPOTTY PAPER CUPS,72,2010-09-21 09:26:00,0.65,14676.0,United Kingdom
535041,21498,RED RETROSPOT WRAP ,25,2010-11-24 16:57:00,0.42,15902.0,United Kingdom
502854,85038,6 CHOCOLATE LOVE HEART T-LIGHTS,1,2010-03-28 14:48:00,2.1,13684.0,United Kingdom
526747,22812,PACK 3 BOXES CHRISTMAS PANNETONE,12,2010-10-13 09:32:00,1.95,16625.0,United Kingdom
505196,84670,JAPANESE CROCHETED ANIMAL,24,2010-04-20 15:40:00,0.42,13577.0,United Kingdom
518407,22336,DOVE DECORATION PAINTED ZINC ,24,2010-08-08 14:32:00,0.65,13627.0,United Kingdom
536874,21135,VICTORIAN  METAL POSTCARD SPRING,5,2010-12-03 11:35:00,1.69,16891.0,United Kingdom
C506995,22178,VICTORIAN GLASS HANGING T-LIGHT,-4,2010-05-05 13:57:00,1.25,13760.0,United Kingdom
531332,22841,ROUND CAKE TIN VINTAGE GREEN,2,2010-11-07 12:28:00,7.95,17372.0,United Kingdom
515480,21498,RED SPOTS  WRAP ,25,2010-07-13 10:17:00,0.42,17340.0,United Kingdom
516610,22326,ROUND SNACK BOXES SET OF4 WOODLAND ,6,2010-07-21 14:41:00,2.95,13615.0,United Kingdom
526854,22600,CHRISTMAS RETROSPOT STAR WOOD,9,2010-10-13 12:50:00,0.85,14399.0,United Kingdom
520700,21986,PACK OF 12 PINK SPOT TISSUES ,12,2010-08-29 11:31:00,0.29,15976.0,United Kingdom
524118,22727,ALARM CLOCK BAKELIKE RED ,4,2010-09-27 13:58:00,3.75,15123.0,United Kingdom
522614,21212,PACK OF 72 RETRO SPOT CAKE CASES,4,2010-09-15 14:45:00,0.55,14375.0,United Kingdom
533423,84997D,PINK 3 PIECE POLKADOT CUTLERY SET,4,2010-11-17 11:19:00,3.75,16386.0,United Kingdom
522585,22151,PLACE SETTING WHITE HEART,96,2010-09-15 12:27:00,0.42,13784.0,United Kingdom
490143,21504,SKULLS GREETING CARD,24,2009-12-04 08:40:00,0.42,14286.0,United Kingdom
537995,22550,HOLIDAY FUN LUDO,4,2010-12-09 11:39:00,3.75,12712.0,Germany
502419,37495,FAIRY CAKE BIRTHDAY CANDLE SET,1,2010-03-24 12:15:00,3.75,16300.0,United Kingdom
510763,85068,CREAM SWEETHEART SHELF + HOOKS,2,2010-06-03 13:08:00,7.95,13787.0,United Kingdom
494515,21080,SET/20 RED SPOTTY PAPER NAPKINS ,192,2010-01-15 10:24:00,0.64,13694.0,United Kingdom
498547,20969,RED FLORAL FELTCRAFT SHOULDER BAG,1,2010-02-19 17:16:00,3.75,18283.0,United Kingdom
529169,21427,SKULLS STORAGE BOX SMALL,6,2010-10-26 18:07:00,2.1,13468.0,United Kingdom
507158,84987,SET OF 36 TEATIME PAPER DOILIES,12,2010-05-06 13:45:00,1.45,12621.0,Germany
504594,48184,DOOR MAT ENGLISH ROSE ,1,2010-04-15 10:49:00,7.49,15910.0,United Kingdom
519248,21361,LOVE LARGE WOOD LETTERS ,4,2010-08-15 14:50:00,12.75,13089.0,United Kingdom
499299,37479B,CUBIC MUG FLOCK BLUE ON BROWN,480,2010-02-25 20:19:00,0.85,18102.0,United Kingdom
529978,22718,CARD CAT AND TREE ,12,2010-10-31 15:18:00,0.42,13760.0,United Kingdom
498125,21754,HOME BUILDING BLOCK WORD,3,2010-02-16 15:54:00,5.95,13842.0,United Kingdom
515319,84795C,OCEAN STRIPE HAMMOCK ,2,2010-07-11 12:00:00,7.95,17085.0,United Kingdom
533761,84773,RED ROSE AND LACE C/COVER,1,2010-11-18 14:52:00,2.95,17841.0,United Kingdom
532370,84347,ROTATING SILVER ANGELS T-LIGHT HLDR,12,2010-11-11 17:55:00,2.55,15814.0,United Kingdom
498448,85123A,WHITE HANGING HEART T-LIGHT HOLDER,6,2010-02-19 10:32:00,2.95,13957.0,United Kingdom
512071,21218,RED SPOTTY BISCUIT TIN,3,2010-06-13 11:36:00,3.75,13736.0,United Kingdom
532798,15044C,PURPLE PAPER PARASOL,3,2010-11-14 14:47:00,2.95,17544.0,United Kingdom
490164,79072,TEATIME CAKE TIN WITH HANDLE,8,2009-12-04 11:32:00,8.95,14961.0,United Kingdom
528633,22900, SET 2 TEA TOWELS I LOVE LONDON ,2,2010-10-24 11:25:00,2.95,13544.0,United Kingdom
530846,84827,ASS DES PHONE SPONGE CRAFT STICKER,60,2010-11-04 14:26:00,0.65,17977.0,United Kingdom
500333,21868,POTTING SHED TEA MUG,12,2010-03-07 13:28:00,1.25,16735.0,United Kingdom
511053,21975,PACK OF 60 DINOSAUR CAKE CASES,120,2010-06-06 12:16:00,0.42,16701.0,United Kingdom
523921,21385,IVORY HANGING DECORATION  HEART,288,2010-09-24 16:19:00,0.72,14646.0,Netherlands
501847,21486,PINK HEART DOTS HOT WATER BOTTLE,1,2010-03-21 10:30:00,3.75,17243.0,United Kingdom
528325,21136,PAINTED METAL PEARS ASSORTED,8,2010-10-21 13:02:00,1.69,15680.0,United Kingdom
511703,20886,BOX OF 9 PEBBLE CANDLES,6,2010-06-10 09:40:00,1.95,12727.0,France
528647,22070,SMALL RED RETROSPOT MUG IN BOX ,3,2010-10-24 12:36:00,3.75,14277.0,France
495512,22135,LADLE LOVE HEART PINK,12,2010-01-25 14:25:00,0.42,16700.0,United Kingdom
513161,20972,PINK CREAM FELT CRAFT TRINKET BOX ,12,2010-06-22 10:51:00,1.25,13510.0,United Kingdom
491646,22207,FRYING PAN UNION FLAG,6,2009-12-11 17:00:00,4.25,14031.0,United Kingdom
504454,21900,"KEY FOB , SHED",2,2010-04-13 15:34:00,0.65,16809.0,United Kingdom
517625,79190B,RETRO PLASTIC POLKA TRAY,1,2010-07-30 11:59:00,0.42,16391.0,United Kingdom
C536812,22574,HEART WOODEN CHRISTMAS DECORATION,-192,2010-12-02 16:58:00,0.72,16546.0,United Kingdom
511787,21755,LOVE BUILDING BLOCK WORD,3,2010-06-10 13:47:00,5.95,15757.0,United Kingdom
521193,22089,PAPER BUNTING VINTAGE PAISLEY,6,2010-09-02 16:55:00,2.95,13414.0,United Kingdom
520322,21821,GLITTER STAR GARLAND WITH BELLS ,6,2010-08-25 12:16:00,3.75,13648.0,United Kingdom
506741,20719,WOODLAND CHARLOTTE BAG,100,2010-05-04 10:43:00,0.72,15311.0,United Kingdom
507705,21136,PAINTED METAL PEARS ASSORTED,80,2010-05-11 11:07:00,1.69,13695.0,United Kingdom
522760,35443,RASTA IN BATH W SPLIFF ASHTRAY,1,2010-09-16 13:48:00,0.85,15962.0,United Kingdom
534378,22846,BREAD BIN DINER STYLE RED ,2,2010-11-22 12:33:00,16.95,14461.0,United Kingdom
497256,22269,EGG CUP NATURAL CHICKEN,8,2010-02-08 12:39:00,1.25,13417.0,United Kingdom
494873,20960,WATERMELON BATH SPONGE,10,2010-01-19 12:26:00,1.25,12589.0,France
491805,21249,WOODLAND  HEIGHT CHART STICKERS ,6,2009-12-14 13:10:00,2.95,12613.0,Germany
501038,72351A,SET/6 TURQUOISE BUTTERFLY T-LIGHTS,12,2010-03-12 09:21:00,1.69,17448.0,United Kingdom
491395,72756,FAIRY CAKE CANDLES,9,2009-12-10 16:30:00,1.49,16901.0,United Kingdom
C530182,22361,GLASS JAR DAISY FRESH COTTON WOOL,-6,2010-11-02 10:38:00,2.95,14934.0,Channel Islands
519695,21165,BEWARE OF THE CAT METAL SIGN ,12,2010-08-19 14:12:00,1.69,13089.0,United Kingdom
529721,22741,FUNKY DIVA PEN,48,2010-10-29 14:09:00,0.85,13431.0,United Kingdom
499234,21212,PACK OF 72 RETRO SPOT CAKE CASES,24,2010-02-25 12:37:00,0.55,13771.0,United Kingdom
510042,22427,ENAMEL FLOWER JUG CREAM,6,2010-05-26 15:58:00,5.95,13169.0,United Kingdom
529843,22693,GROW A FLYTRAP OR SUNFLOWER IN TIN,24,2010-10-31 12:56:00,1.25,16065.0,United Kingdom
498562,22412,METAL SIGN NEIGHBOURHOOD WITCH ,12,2010-02-21 12:03:00,2.1,15182.0,United Kingdom
534047,22792,FLUTED ANTIQUE CANDLE HOLDER,24,2010-11-19 17:01:00,0.85,17432.0,United Kingdom
514358,22645,CERAMIC HEART FAIRY CAKE MONEY BANK,12,2010-07-01 17:25:00,1.45,15625.0,United Kingdom
504885,84795E,RIO PINK STRIPE HAMMOCK,3,2010-04-18 13:31:00,7.95,17969.0,United Kingdom
513116,22584,PACK OF 6 PANNETONE GIFT BOXES,6,2010-06-22 09:05:00,2.55,13141.0,United Kingdom
514507,22349,DOG BOWL CHASING BALL DESIGN,1,2010-07-04 12:34:00,3.75,14415.0,United Kingdom
519613,90065B,BLACK VINT ART DEC CRYSTAL BRACELET,2,2010-08-18 17:43:00,6.75,15154.0,United Kingdom
522773,22629,SPACEBOY LUNCH BOX ,12,2010-09-16 14:34:00,1.95,12369.0,Austria
527918,21166,COOK WITH WINE METAL SIGN ,3,2010-10-19 13:13:00,1.95,17975.0,United Kingdom
492942,82494L,WOODEN FRAME ANTIQUE WHITE ,6,2009-12-21 12:38:00,2.95,17213.0,United Kingdom
489672,21535,RETRO SPOT SMALL MILK JUG,6,2009-12-02 09:21:00,2.55,14831.0,United Kingdom
528852,20754,RETROSPOT RED WASHING UP GLOVES,6,2010-10-25 10:41:00,2.1,14766.0,United Kingdom
511081,15036,ASSORTED COLOURS SILK FAN,12,2010-06-06 14:05:00,0.75,14128.0,United Kingdom
490302,21327,SKULLS WRITING SET ,2,2009-12-04 14:29:00,1.65,17841.0,United Kingdom
531210,48187,DOORMAT NEW ENGLAND,1,2010-11-05 16:07:00,7.95,13263.0,United Kingdom
525234,22531,MAGIC DRAWING SLATE CIRCUS PARADE  ,24,2010-10-04 14:15:00,0.42,15730.0,United Kingdom
506976,22138,BAKING SET 9 PIECE RETROSPOT ,3,2010-05-05 12:55:00,4.95,18041.0,United Kingdom
C534798,35400,WOODEN BOX ADVENT CALENDAR ,-1,2010-11-24 11:51:00,8.95,16903.0,United Kingdom
506556,22525,CHILDRENS GARDEN GLOVES PINK,3,2010-04-30 11:28:00,1.25,14994.0,United Kingdom
537370,22568,FELTCRAFT CUSHION OWL,1,2010-12-06 12:44:00,3.75,13155.0,United Kingdom
495576,21432,SET OF 3 CASES WOODLAND DESIGN,2,2010-01-26 09:41:00,5.95,15259.0,United Kingdom
490806,22083,PAPER CHAIN KIT RETRO SPOT,12,2009-12-08 12:13:00,2.95,13485.0,United Kingdom
499457,22382,LUNCH BAG SPACEBOY DESIGN ,1,2010-02-28 10:55:00,1.65,15569.0,United Kingdom
502300,85099C,JUMBO  BAG BAROQUE BLACK WHITE,100,2010-03-24 09:07:00,1.65,16029.0,United Kingdom
516112,22212,FOUR HOOK  WHITE LOVEBIRDS,6,2010-07-16 13:53:00,2.1,13958.0,United Kingdom
516115,21391,FRENCH EMROIDR LAVENDER SCENT HEART,6,2010-07-16 14:15:00,2.1,14615.0,United Kingdom
511051,47566,PARTY BUNTING,1,2010-06-06 12:13:00,4.65,12911.0,United Kingdom
533067,21894,POTTING SHED SEED ENVELOPES,3,2010-11-15 17:14:00,1.25,17284.0,United Kingdom
498123,79191C,RETRO PLASTIC ELEPHANT TRAY,3,2010-02-16 15:35:00,0.85,16409.0,United Kingdom
C530065,20725,LUNCH BAG RED RETROSPOT,-10,2010-11-01 11:45:00,1.65,14934.0,Channel Islands
491180,84836,ZINC METAL HEART DECORATION,24,2009-12-10 12:03:00,1.25,15719.0,United Kingdom
490548,21955,UNION JACK GUNS & ROSES  DOORMAT,6,2009-12-07 10:26:00,5.95,17850.0,United Kingdom
532429,22083,PAPER CHAIN KIT RETROSPOT,1,2010-11-12 10:14:00,2.95,13316.0,United Kingdom
499502,21114,LAVENDER SCENTED FABRIC HEART,5,2010-02-28 15:01:00,1.25,14044.0,United Kingdom
523773,21357,TOAST ITS - DINOSAUR,1,2010-09-24 11:11:00,1.25,17811.0,United Kingdom
489556,22125,UNION JACK HOT WATER BOTTLE ,1,2009-12-01 12:47:00,5.95,15719.0,United Kingdom
499057,22094,RED POLKA DOT TISSUE BOX,1,2010-02-24 13:48:00,1.25,15898.0,United Kingdom
529156,22603,CHRISTMAS RETROSPOT TREE WOOD,8,2010-10-26 16:47:00,0.85,16549.0,United Kingdom
537238,22652,TRAVEL SEWING KIT,20,2010-12-06 10:03:00,1.65,16161.0,United Kingdom
528313,22986,GINGHAM ROSE WRAP,25,2010-10-21 12:22:00,0.42,13047.0,United Kingdom
499921,22412,METAL SIGN NEIGHBOURHOOD WITCH ,12,2010-03-03 12:21:00,2.1,14911.0,EIRE
537692,82582,AREA PATROLLED METAL SIGN,6,2010-12-08 10:40:00,2.1,14796.0,United Kingdom
530161,21181,PLEASE ONE PERSON METAL SIGN,4,2010-11-01 17:05:00,2.1,15456.0,United Kingdom
507377,22534,MAGIC DRAWING SLATE SPACEBOY ,4,2010-05-09 11:35:00,0.42,13571.0,United Kingdom
537236,22468,BABUSHKA LIGHTS STRING OF 10,2,2010-12-06 09:52:00,6.75,16858.0,United Kingdom
507063,21155,RED SPOTTY PEG BAG,6,2010-05-06 10:28:00,2.1,17469.0,United Kingdom
494652,84795A,PASTEL STRIPE HAMMOCK ,1,2010-01-17 12:40:00,7.95,14527.0,United Kingdom
529298,22646,CERAMIC STRAWBERRY CAKE MONEY BANK,4,2010-10-27 12:26:00,1.45,16458.0,United Kingdom
533584,22659,LUNCH BOX I LOVE LONDON,12,2010-11-18 11:44:00,1.95,13102.0,United Kingdom
534187,20707,CRAZY DAISY HEART DECORATION,3,2010-11-21 14:10:00,1.25,16501.0,United Kingdom
531229,21041,RED RETROSPOT OVEN GLOVE DOUBLE,5,2010-11-05 16:52:00,2.95,13959.0,United Kingdom
521811,22383,LUNCH BAG SUKI  DESIGN ,1,2010-09-08 14:57:00,1.65,16713.0,United Kingdom
499011,85049D,BRIGHT BLUES RIBBONS ,12,2010-02-24 12:06:00,1.25,14284.0,United Kingdom
493757,20960,WATERMELON BATH SPONGE,10,2010-01-06 13:08:00,1.25,15712.0,United Kingdom
492242,21470,FLOWER VINE RAFFIA FOOD COVER,6,2009-12-16 09:23:00,3.75,15312.0,United Kingdom
494917,85123A,WHITE HANGING HEART T-LIGHT HOLDER,3,2010-01-19 17:32:00,2.95,14983.0,United Kingdom
528764,22417,PACK OF 60 SPACEBOY CAKE CASES,2,2010-10-24 16:03:00,0.55,16904.0,United Kingdom
535399,22587,FELTCRAFT HAIRBAND RED AND BLUE,1,2010-11-26 11:01:00,0.85,15550.0,United Kingdom
523344,22423,REGENCY CAKESTAND 3 TIER,1,2010-09-21 15:51:00,12.75,13031.0,United Kingdom
533460,21240,BLUE POLKADOT CUP,6,2010-11-17 12:11:00,0.85,15039.0,United Kingdom
498718,85199S,SMALL HANGING IVORY/RED WOOD BIRD,24,2010-02-22 13:40:00,0.42,17675.0,United Kingdom
524747,22742,MAKE YOUR OWN PLAYTIME CARD KIT,6,2010-09-30 14:46:00,2.95,14156.0,EIRE
519915,22752,SET 7 BABUSHKA NESTING BOXES,2,2010-08-22 14:00:00,8.5,12471.0,Germany
523994,21823,PAINTED METAL HEART WITH HOLLY BELL,1,2010-09-26 15:07:00,1.45,16549.0,United Kingdom
499231,85206B,PINK FELT EASTER EGG BASKET,6,2010-02-25 12:18:00,1.65,15674.0,United Kingdom
533012,22768,FAMILY PHOTO FRAME CORNICE,4,2010-11-15 15:44:00,9.95,18219.0,United Kingdom
498238,85232B,SET/3 RUSSIAN DOLL STACKING TINS,1,2010-02-17 14:35:00,4.95,15768.0,United Kingdom
530571,20854,BLUE PATCH PURSE PINK HEART,5,2010-11-03 14:22:00,1.65,15752.0,United Kingdom
526208,21202,DOLLY HONEYCOMB GARLAND,2,2010-10-10 13:38:00,1.65,15418.0,United Kingdom
524289,22380,TOY TIDY SPACEBOY  ,25,2010-09-28 12:50:00,2.1,15347.0,United Kingdom
524305,51014A,"FEATHER PEN,HOT PINK",12,2010-09-28 13:40:00,0.85,14988.0,United Kingdom
490679,21832,CHOCOLATE CALCULATOR,3,2009-12-07 13:24:00,1.65,18162.0,United Kingdom
527453,85068,CREAM SWEETHEART SHELF + HOOKS,6,2010-10-18 10:13:00,6.95,15934.0,United Kingdom
493716,47566,PARTY BUNTING,5,2010-01-05 16:50:00,4.65,17364.0,United Kingdom
517539,21039,RED SPOTTY SHOPPING BAG,6,2010-07-29 16:08:00,2.55,12525.0,France
489488,84032A,CHARLIE+LOLA PINK HOT WATER BOTTLE,1,2009-12-01 10:59:00,2.95,17238.0,United Kingdom
518067,21429,RED GINGHAM ROSE JEWELLERY BOX,8,2010-08-04 12:54:00,1.65,15817.0,United Kingdom
534050,21034,REX CASH+CARRY JUMBO SHOPPER,2,2010-11-21 10:08:00,0.95,17243.0,United Kingdom
533904,21356,TOAST ITS - FAIRY FLOWER,4,2010-11-19 11:54:00,1.25,16936.0,United Kingdom
518314,85131A,BEADED PEARL HEART WHITE ON STICK,24,2010-08-06 12:13:00,0.38,13920.0,United Kingdom
520530,22697,GREEN REGENCY TEACUP AND SAUCER,2,2010-08-26 15:03:00,2.95,17886.0,United Kingdom
504588,22509,SEWING BOX RETROSPOT DESIGN ,1,2010-04-15 10:18:00,16.95,13388.0,United Kingdom
537672,22465,HANGING METAL STAR LANTERN,12,2010-12-08 09:30:00,1.65,13050.0,United Kingdom
516954,21068,VINTAGE BILLBOARD LOVE/HATE MUG,2,2010-07-25 15:40:00,1.25,13137.0,United Kingdom
515029,22487,WHITE WOOD GARDEN PLANT LADDER,1,2010-07-08 10:31:00,9.95,13201.0,United Kingdom
500098,48129,DOOR MAT TOPIARY,1,2010-03-04 12:32:00,7.49,16771.0,United Kingdom
499772,20677,PINK SPOTTY BOWL,1,2010-03-02 13:36:00,1.25,16960.0,United Kingdom
504903,47599B,BLUE PARTY BAGS ,1,2010-04-18 15:48:00,2.1,16549.0,United Kingdom
528052,21218,RED SPOTTY BISCUIT TIN,6,2010-10-20 11:42:00,3.75,15377.0,United Kingdom
524351,21420,OYSTER TRINKET BOX,1,2010-09-28 16:25:00,3.25,13554.0,United Kingdom
518403,22578,WOODEN STAR CHRISTMAS SCANDINAVIAN,27,2010-08-08 13:49:00,0.85,17132.0,United Kingdom
499460,20617,FIRST CLASS PASSPORT COVER ,6,2010-02-28 11:14:00,2.1,15149.0,United Kingdom
492484,37352,BIRD IN TREE MUG ,1,2009-12-17 11:43:00,1.25,15862.0,United Kingdom
518578,22353,LUNCH BOX WITH CUTLERY FAIRY CAKES ,6,2010-08-10 12:06:00,2.55,17063.0,United Kingdom
509389,21203,BUTTERFLIES  HONEYCOMB GARLAND,2,2010-05-21 17:19:00,1.65,13174.0,United Kingdom
520019,22553,PLASTERS IN TIN SKULLS,12,2010-08-23 12:01:00,1.65,15683.0,United Kingdom
519834,22679,"FRENCH BLUE METAL DOOR SIGN, 4",10,2010-08-20 15:20:00,1.25,17675.0,United Kingdom
513014,48185,DOOR MAT FAIRY CAKE,2,2010-06-21 11:37:00,7.49,16125.0,United Kingdom
496092,21871,SAVE THE PLANET MUG,24,2010-01-29 10:06:00,1.25,13085.0,United Kingdom
512745,22423,REGENCY CAKESTAND 3 TIER,2,2010-06-17 14:49:00,12.75,13319.0,United Kingdom
498091,85065,CREAM SWEETHEART TRAYS,1,2010-02-16 12:35:00,12.75,14639.0,United Kingdom
492738,84997A,GREEN 3 PIECE MINI DOTS CUTLERY SET,1,2009-12-18 12:23:00,3.75,14527.0,United Kingdom
502768,79144B,PAINTED LIGHTBULB STAR+ MOON,1,2010-03-26 14:16:00,0.42,14994.0,United Kingdom
491071,22082,RIBBON REEL STRIPES DESIGN ,10,2009-12-09 12:40:00,1.65,12924.0,United Kingdom
499918,21918,SET 12 KIDS COLOUR  CHALK STICKS,2,2010-03-03 12:16:00,0.42,13097.0,United Kingdom
520537,85123A,WHITE HANGING HEART T-LIGHT HOLDER,10,2010-08-26 15:47:00,2.95,17576.0,United Kingdom
507228,20894,HANGING BAUBLE T-LIGHT HOLDER LARGE,4,2010-05-06 19:57:00,2.95,16794.0,United Kingdom
510675,51020A,SUMMER FUN DESIGN SHOWER CAP,48,2010-06-02 16:20:00,0.29,17841.0,United Kingdom
503362,72351B,SET/6 PINK  BUTTERFLY T-LIGHTS,3,2010-03-31 14:08:00,2.1,18231.0,United Kingdom
490697,15056N,EDWARDIAN PARASOL NATURAL,6,2009-12-07 14:27:00,4.95,17850.0,United Kingdom
531271,21986,PACK OF 12 PINK POLKADOT TISSUES,24,2010-11-07 11:52:00,0.29,16401.0,United Kingdom
516938,22433,WATERING CAN GREEN DINOSAUR,6,2010-07-25 13:50:00,1.95,15601.0,United Kingdom
516757,22380,TOY TIDY SPACEBOY  ,2,2010-07-22 16:37:00,2.1,14646.0,Netherlands
507377,21908,CHOCOLATE THIS WAY METAL SIGN,2,2010-05-09 11:35:00,2.1,13571.0,United Kingdom
496947,21372,MIRRORED WALL ART TABLE LAMP,1,2010-02-04 18:16:00,2.95,14030.0,United Kingdom
528990,22862,LOVE HEART NAPKIN BOX ,8,2010-10-26 11:21:00,4.25,14524.0,United Kingdom
527776,48173C,DOORMAT BLACK FLOCK ,10,2010-10-19 10:58:00,6.75,12476.0,Germany
512522,21911,GARDEN METAL SIGN ,3,2010-06-16 11:48:00,1.65,16550.0,United Kingdom
534788,22186,RED STAR CARD HOLDER,1,2010-11-24 11:25:00,2.95,16782.0,United Kingdom
537781,21896,POTTING SHED TWINE,1,2010-12-08 12:46:00,2.1,17341.0,United Kingdom
511905,22326,ROUND SNACK BOXES SET OF4 WOODLAND ,1,2010-06-11 11:19:00,2.95,16895.0,United Kingdom
529306,79321,CHILLI LIGHTS,24,2010-10-27 12:52:00,4.25,13093.0,United Kingdom
504413,22389,PAPERWEIGHT SAVE THE PLANET,6,2010-04-13 12:27:00,2.55,13089.0,United Kingdom
505577,20974,12 PENCILS SMALL TUBE SKULL,24,2010-04-23 11:59:00,0.65,15738.0,United Kingdom
513975,21746,SMALL RED RETROSPOT WINDMILL,6,2010-06-29 16:43:00,1.25,13451.0,United Kingdom
522968,21156,RETROSPOT CHILDRENS APRON,1,2010-09-19 13:05:00,1.95,13137.0,United Kingdom
515330,22088,PAPER BUNTING COLOURED LACE,2,2010-07-11 13:53:00,2.95,16049.0,United Kingdom
511025,22077,6 RIBBONS RUSTIC CHARM,2,2010-06-06 09:49:00,1.65,17377.0,United Kingdom
526248,22574,HEART WOODEN CHRISTMAS DECORATION,12,2010-10-11 10:15:00,0.85,13090.0,United Kingdom
528088,22835,HOT WATER BOTTLE I AM SO POORLY,1,2010-10-20 13:11:00,4.65,13703.0,United Kingdom
505465,21519,GIN & TONIC DIET GREETING CARD ,72,2010-04-22 11:58:00,0.36,13446.0,United Kingdom
521478,21670,BLUE SPOT CERAMIC DRAWER KNOB,1,2010-09-06 12:55:00,1.25,17841.0,United Kingdom
495310,20658,RED SPOTTY LUGGAGE TAG,12,2010-01-22 14:17:00,1.25,12531.0,Germany
494395,21661,VINTAGE GLASS TEA CADDY,3,2010-01-14 10:35:00,5.95,14256.0,United Kingdom
512312,90005A,JADE GREEN ENAMEL HAIR COMB,4,2010-06-15 08:15:00,1.95,14841.0,United Kingdom
534631,22906,12 MESSAGE CARDS WITH ENVELOPES,2,2010-11-23 12:57:00,1.65,18047.0,United Kingdom
535235,21507,"ELEPHANT, BIRTHDAY CARD, ",12,2010-11-25 12:28:00,0.42,16709.0,United Kingdom
500347,20977,36 PENCILS TUBE WOODLAND,16,2010-03-07 14:52:00,1.25,15631.0,United Kingdom
495467,21174,POTTERING IN THE SHED METAL SIGN,12,2010-01-25 12:08:00,1.95,13001.0,United Kingdom
502633,18007,ESSENTIAL BALM 3.5g TIN IN ENVELOPE,24,2010-03-25 16:19:00,0.18,12510.0,Spain
499921,21137,BLACK RECORD COVER FRAME,24,2010-03-03 12:21:00,3.39,14911.0,EIRE
516960,84755,COLOUR GLASS T-LIGHT HOLDER HANGING,32,2010-07-26 08:39:00,0.65,12949.0,United Kingdom
514601,82483,WOOD 2 DRAWER CABINET WHITE FINISH,4,2010-07-05 12:16:00,4.95,17850.0,United Kingdom
523623,21175,GIN + TONIC DIET METAL SIGN,12,2010-09-23 11:04:00,2.1,13590.0,United Kingdom
530550,22470,HEART OF WICKER LARGE,4,2010-11-03 13:18:00,2.95,14988.0,United Kingdom
501278,21977,PACK OF 60 PINK PAISLEY CAKE CASES,1,2010-03-15 14:01:00,0.55,17180.0,United Kingdom
521160,22090,PAPER BUNTING RETRO SPOTS,36,2010-09-02 14:12:00,2.95,15738.0,United Kingdom
496919,22352,LUNCHBOX WITH CUTLERY RETROSPOT ,6,2010-02-04 15:41:00,2.55,16986.0,United Kingdom
516327,85141,JARDIN ETCHED GLASS FRUITBOWL,3,2010-07-19 15:58:00,10.75,17589.0,United Kingdom
536852,22544,MINI JIGSAW SPACEBOY,24,2010-12-03 09:51:00,0.42,12686.0,France
496725,84279B,CHERRY BLOSSOM DECORATIVE FLASK,1,2010-02-03 14:16:00,3.75,13619.0,United Kingdom
497494,85199L,LARGE HANGING IVORY & RED WOOD BIRD,12,2010-02-10 08:44:00,0.65,13092.0,United Kingdom
512309,22424,ENAMEL BREAD BIN CREAM,4,2010-06-14 16:43:00,12.75,14911.0,EIRE
511072,22366,DOOR MAT AIRMAIL ,4,2010-06-06 13:36:00,7.49,14709.0,United Kingdom
515541,20685,DOORMAT RED SPOT,1,2010-07-13 12:12:00,7.49,14069.0,United Kingdom
522599,85066,CREAM SWEETHEART MINI CHEST,2,2010-09-15 13:32:00,12.75,16522.0,United Kingdom
525223,22180,RETROSPOT LAMP,1,2010-10-04 12:58:00,9.95,14606.0,United Kingdom
503265,20685,DOOR MAT RED SPOT,2,2010-03-31 11:27:00,7.49,12835.0,United Kingdom
500326,72128,COLUMBIAN CANDLE ROUND,1,2010-03-07 12:25:00,0.85,14877.0,United Kingdom
500020,37449,CERAMIC CAKE STAND + HANGING CAKES,2,2010-03-04 10:45:00,9.95,15084.0,United Kingdom
519241,21429,RED GINGHAM ROSE JEWELLERY BOX,1,2010-08-15 14:01:00,1.65,14415.0,United Kingdom
518769,22526,WHEELBARROW FOR CHILDREN ,2,2010-08-11 15:13:00,12.75,14736.0,United Kingdom
520847,21231,SWEETHEART CERAMIC TRINKET BOX,2,2010-08-31 12:48:00,1.25,16791.0,United Kingdom
500510,21471,STRAWBERRY RAFFIA FOOD COVER,6,2010-03-08 14:07:00,3.75,17488.0,United Kingdom
511067,20773,BLUE PAISLEY NOTEBOOK,6,2010-06-06 13:06:00,1.65,15956.0,United Kingdom
513494,21728,METAL MEDINA LANTERN ,3,2010-06-25 10:10:00,12.75,16992.0,United Kingdom
525526,21286,RETROSPOT CANDLE  LARGE,24,2010-10-05 18:39:00,0.85,15194.0,United Kingdom
537370,84569B,PACK 3 FIRE ENGINE/CAR PATCHES,12,2010-12-06 12:44:00,1.25,13155.0,United Kingdom
490057,21908,CHOCOLATE THIS WAY METAL SIGN,6,2009-12-03 13:25:00,2.1,17465.0,United Kingdom
492726,22273,FELTCRAFT DOLL MOLLY,6,2009-12-18 11:03:00,2.95,17927.0,United Kingdom
490709,20617,FIRST CLASS PASSPORT COVER ,1,2009-12-07 15:15:00,2.1,17884.0,United Kingdom
509447,22328,ROUND SNACK BOXES SET OF 4 FRUITS ,18,2010-05-24 09:07:00,2.95,12632.0,Germany
532445,22882,NUMBER TILE VINTAGE FONT 3,2,2010-11-12 11:31:00,1.95,17772.0,United Kingdom
516269,84077,WORLD WAR 2 GLIDERS ASSTD DESIGNS,576,2010-07-19 12:19:00,0.21,17404.0,Sweden
490719,21791,VINTAGE HEADS AND TAILS CARD GAME ,3,2009-12-07 15:42:00,1.25,13042.0,United Kingdom
523867,84712B,PINK JEWELLED PHOTO FRAME,1,2010-09-24 12:43:00,7.95,13174.0,United Kingdom
500718,82486,WOOD S/3 CABINET ANT WHITE FINISH,2,2010-03-09 15:05:00,7.95,15722.0,United Kingdom
496334,22221,CAKE STAND LOVEBIRD 2 TIER PINK,4,2010-01-31 14:37:00,9.95,14911.0,EIRE
506435,84596G,SMALL CHOCOLATES PINK BOWL,16,2010-04-29 15:34:00,1.25,12377.0,Switzerland
534387,21880,RED RETROSPOT TAPE,12,2010-11-22 12:57:00,0.65,12649.0,Germany
514664,20857,BLUE ROSE PATCH PURSE PINK BUTTERFL,6,2010-07-05 13:03:00,1.65,17774.0,United Kingdom
526890,20727,LUNCH BAG  BLACK SKULL.,10,2010-10-13 14:40:00,1.65,15032.0,United Kingdom
502028,21411,GINGHAM HEART  DOORSTOP RED,3,2010-03-22 13:07:00,4.25,13313.0,United Kingdom
527114,21410,COUNTRY COTTAGE  DOORSTOP GREEN,3,2010-10-14 17:44:00,4.25,13577.0,United Kingdom
511280,47556B,TEA TIME TEA TOWELS ,6,2010-06-07 14:04:00,2.95,16232.0,United Kingdom
533262,84347,ROTATING SILVER ANGELS T-LIGHT HLDR,144,2010-11-16 15:13:00,2.1,14306.0,United Kingdom
516873,21350,GINGHAM HEART WREATH,8,2010-07-23 13:02:00,2.95,13113.0,United Kingdom
520847,22452,MEASURING TAPE BABUSHKA PINK,1,2010-08-31 12:48:00,2.95,16791.0,United Kingdom
508502,22134,LADLE LOVE HEART RED ,24,2010-05-16 15:39:00,0.42,12731.0,France
529616,21491,SET OF THREE VINTAGE GIFT WRAPS,5,2010-10-29 11:00:00,1.95,14901.0,United Kingdom
490964,22147,FELTCRAFT BUTTERFLY HEARTS,1,2009-12-08 16:09:00,1.45,14646.0,Netherlands
521813,21675,BUTTERFLIES STICKERS,12,2010-09-08 15:06:00,0.85,13384.0,United Kingdom
504119,22168,ORGANISER WOOD ANTIQUE WHITE ,1,2010-04-09 16:54:00,8.5,17609.0,United Kingdom
515455,21918,SET 12 KIDS COLOUR  CHALK STICKS,35,2010-07-12 15:00:00,0.42,15673.0,United Kingdom
504594,21976,PACK OF 60 MUSHROOM CAKE CASES,3,2010-04-15 10:49:00,0.55,15910.0,United Kingdom
505316,22380,TOY TIDY SPACEBOY  ,6,2010-04-21 12:06:00,2.1,16231.0,United Kingdom
503069,22077,6 RIBBONS RUSTIC CHARM,12,2010-03-30 10:31:00,1.65,16455.0,United Kingdom
521163,84839,SWEETHEART KEY CABINET,10,2010-09-02 14:25:00,5.55,18182.0,United Kingdom
536259,84347,ROTATING SILVER ANGELS T-LIGHT HLDR,6,2010-11-30 15:14:00,2.55,14021.0,United Kingdom
510685,20724,RED SPOTTY CHARLOTTE BAG,10,2010-06-03 09:54:00,0.85,16722.0,United Kingdom
493442,20752,RETRO BLUE SPOTTY WASHING UP GLOVES,2,2010-01-04 13:36:00,2.1,13821.0,United Kingdom
528087,21846,PINK DIAMANTE PEN IN GIFT BOX,1,2010-10-20 13:09:00,4.95,16521.0,United Kingdom
515168,22431,WATERING CAN BLUE ELEPHANT,1,2010-07-08 16:29:00,1.95,13564.0,United Kingdom
534361,21485,RETROSPOT HEART HOT WATER BOTTLE,3,2010-11-22 11:57:00,4.95,16252.0,United Kingdom
530299,72815,3 WICK CHRISTMAS BRIAR CANDLE ,5,2010-11-02 12:48:00,3.75,14449.0,United Kingdom
518959,22611,VINTAGE UNION JACK SHOPPING BAG,3,2010-08-12 15:32:00,4.95,13078.0,United Kingdom
503570,21034,REX CASH+CARRY JUMBO SHOPPER,2,2010-04-01 15:40:00,0.95,15863.0,United Kingdom
503826,22297,HEART IVORY TRELLIS SMALL,24,2010-04-07 15:14:00,1.25,12821.0,United Kingdom
529813,22737,RIBBON REEL CHRISTMAS PRESENT ,5,2010-10-31 11:09:00,1.65,13888.0,United Kingdom
521426,20724,RED SPOTTY CHARLOTTE BAG,10,2010-09-06 11:21:00,0.85,12490.0,France
514806,20725,LUNCH BAG RED SPOTTY,2,2010-07-06 11:21:00,1.65,16393.0,United Kingdom
527950,22898,CHILDRENS APRON APPLES DESIGN,2,2010-10-19 15:33:00,1.95,16795.0,United Kingdom
527776,21984,PACK OF 12 PINK PAISLEY TISSUES ,48,2010-10-19 10:58:00,0.29,12476.0,Germany
505882,21238,RED SPOTTY CUP,2,2010-04-26 13:44:00,0.85,14552.0,United Kingdom
535465,85099B,JUMBO BAG RED RETROSPOT,4,2010-11-26 13:22:00,1.95,16254.0,United Kingdom
506299,22617,BAKING SET SPACEBOY DESIGN,3,2010-04-29 10:33:00,4.95,14849.0,United Kingdom
494652,21242,RED SPOTTY PLATE ,6,2010-01-17 12:40:00,1.69,14527.0,United Kingdom
503592,21790,VINTAGE SNAP CARDS,3,2010-04-01 19:06:00,0.85,18006.0,United Kingdom
C489518,85048,15CM CHRISTMAS GLASS BALL 20 LIGHTS,-1,2009-12-01 11:35:00,7.95,15461.0,United Kingdom
515588,21535,RED RETROSPOT SMALL MILK JUG,6,2010-07-13 13:11:00,2.55,14156.0,EIRE
523420,22468,BABUSHKA LIGHTS STRING OF 10,12,2010-09-22 09:53:00,5.95,17850.0,United Kingdom
511046,22222,CAKE PLATE LOVEBIRD WHITE,2,2010-06-06 11:35:00,4.95,16335.0,United Kingdom
522760,21984,PACK OF 12 PINK PAISLEY TISSUES ,12,2010-09-16 13:48:00,0.29,15962.0,United Kingdom
490467,90161C,ANT COPPER LIME BOUDICCA BRACELET,2,2009-12-06 12:17:00,4.95,15059.0,United Kingdom
519607,22360,GLASS JAR ENGLISH CONFECTIONERY,2,2010-08-18 16:21:00,2.95,14505.0,United Kingdom
522708,84006,MAGIC TREE -PAPER FLOWERS,10,2010-09-16 11:32:00,0.85,18001.0,United Kingdom
512902,22551,PLASTERS IN TIN SPACEBOY,24,2010-06-18 13:22:00,1.65,12412.0,Denmark
492216,35991,SET/6 BLACK SNOWFLAKE T-LIGHTS ,48,2009-12-15 17:25:00,0.42,15641.0,United Kingdom
525874,22749,FELTCRAFT PRINCESS CHARLOTTE DOLL,5,2010-10-07 14:06:00,3.75,14692.0,United Kingdom
534793,82600,NO SINGING METAL SIGN,48,2010-11-24 11:42:00,1.69,13694.0,United Kingdom
507360,22493, PAINT YOUR OWN CANVAS SET,24,2010-05-07 15:37:00,1.65,13209.0,United Kingdom
537192,22962,JAM JAR WITH PINK LID,6,2010-12-05 13:42:00,0.85,16402.0,United Kingdom
522768,22312,OFFICE MUG WARMER POLKADOT,1,2010-09-16 14:08:00,2.95,14099.0,United Kingdom
521010,84750B,BLACK SMALL GLASS CAKE STAND,1,2010-09-01 14:37:00,1.95,15574.0,United Kingdom
502869,20990,SPRING FLOWER CHOPSTICKS SET/5,3,2010-03-28 16:13:00,1.95,13113.0,United Kingdom
532747,22386,JUMBO BAG PINK POLKADOT,2,2010-11-14 13:16:00,1.95,12923.0,United Kingdom
506080,22197,SMALL POPCORN HOLDER,20,2010-04-27 11:58:00,0.85,17332.0,United Kingdom
509395,22508,DOORSTOP RETROSPOT HEART,3,2010-05-23 10:57:00,3.75,17343.0,United Kingdom
520352,21614,SET OF 12 ROSE BOTANICAL T-LIGHTS,12,2010-08-25 13:29:00,2.95,17243.0,United Kingdom
507669,20725,LUNCH BAG RED SPOTTY,10,2010-05-11 08:59:00,1.65,15078.0,United Kingdom
514507,22528,GARDENERS KNEELING PAD,5,2010-07-04 12:34:00,1.25,14415.0,United Kingdom
490311,47568,ENGLISH ROSE DESIGN PEG BAG,6,2009-12-04 15:11:00,2.1,16451.0,United Kingdom
513558,47591D,PINK FAIRY CAKE CHILD'S APRON,8,2010-06-25 13:27:00,1.95,17138.0,United Kingdom
491210,21216,"SET 3 RED SPOT TIN TEA,COFFEE,SUGAR",4,2009-12-10 14:20:00,4.95,15367.0,United Kingdom
518422,22667,RECIPE BOX RETRO SPOT DESIGN,6,2010-08-09 08:55:00,2.95,16839.0,United Kingdom
511961,21725,SWEETIES  STICKERS,12,2010-06-11 13:27:00,0.85,13337.0,United Kingdom
504626,20682,RED SPOTTY CHILDS UMBRELLA,10,2010-04-15 12:20:00,3.25,15874.0,United Kingdom
496918,46775D,SUNSET COLOUR CHUNKY KNITTED THROW,1,2010-02-04 15:40:00,16.95,16986.0,United Kingdom
490101,21658,GLASS  BEURRE DISH,4,2009-12-03 16:24:00,3.95,14644.0,United Kingdom
514823,22460,EMBOSSED GLASS TEALIGHT HOLDER,12,2010-07-06 12:19:00,1.25,12730.0,Germany
530959,22427,ENAMEL FLOWER JUG CREAM,3,2010-11-04 18:56:00,5.95,14687.0,United Kingdom
528912,84993B,75 BLACK PETIT FOUR CASES,1,2010-10-25 13:40:00,0.42,16241.0,United Kingdom
503965,22413,METAL SIGN TAKE IT OR LEAVE IT ,2,2010-04-08 17:05:00,2.95,14548.0,United Kingdom
527301,48185,DOORMAT FAIRY CAKE,1,2010-10-15 14:27:00,7.95,17938.0,United Kingdom
492079,72267,PREMIUM CHURCH CANDLE,8,2009-12-15 13:49:00,2.1,15070.0,United Kingdom
524139,22151,PLACE SETTING WHITE HEART,24,2010-09-27 14:45:00,0.42,14911.0,EIRE
491186,22155,STAR DECORATION RUSTIC,1,2009-12-10 12:21:00,0.42,15889.0,United Kingdom
522614,84406B,CREAM CUPID HEARTS COAT HANGER,1,2010-09-15 14:45:00,3.25,14375.0,United Kingdom
517527,21843,RED RETROSPOT CAKE STAND,1,2010-07-29 14:44:00,10.95,14388.0,United Kingdom
501793,37503,TEA TIME CAKE STAND IN GIFT BOX,2,2010-03-19 13:32:00,10.75,15329.0,United Kingdom
501086,20728,LUNCH BAG CARS BLUE,4,2010-03-12 11:54:00,1.65,17228.0,United Kingdom
495510,84989B,75 BLACK FAIRY CAKE CASES,1,2010-01-25 14:01:00,0.55,17841.0,United Kingdom
515590,20657,TROPICAL LUGGAGE TAG,2,2010-07-13 13:17:00,1.25,16469.0,United Kingdom
511969,85123A,WHITE HANGING HEART T-LIGHT HOLDER,6,2010-06-11 13:55:00,2.95,13304.0,United Kingdom
522097,84880,WHITE WIRE EGG HOLDER,1,2010-09-12 13:49:00,5.95,14898.0,United Kingdom
525213,21390,FILIGRIS HEART WITH BUTTERFLY,24,2010-10-04 12:44:00,1.25,14849.0,United Kingdom
501828,22178,VICTORIAN GLASS HANGING T-LIGHT,2,2010-03-19 15:45:00,1.25,15218.0,United Kingdom
532428,20726,LUNCH BAG WOODLAND,10,2010-11-12 10:13:00,1.65,12600.0,Germany
534870,21210,SET OF 72 RETROSPOT PAPER  DOILIES,1,2010-11-24 14:29:00,1.45,17601.0,United Kingdom
527492,21328,BALLOONS  WRITING SET ,1,2010-10-18 11:57:00,1.65,16395.0,United Kingdom
517121,21231,SWEETHEART CERAMIC TRINKET BOX,36,2010-07-27 09:20:00,1.25,15129.0,United Kingdom
506279,22460,EMBOSSED GLASS TEALIGHT HOLDER,24,2010-04-28 15:54:00,1.25,13976.0,United Kingdom
496339,84800M,MEDIUM WHITE/PINK ROSE ART FLOWER,6,2010-01-31 15:40:00,1.69,16655.0,United Kingdom
526217,84563A,PINK & WHITE BREAKFAST TRAY,1,2010-10-10 14:30:00,5.95,14390.0,United Kingdom
526914,21789,KIDS RAIN MAC PINK,3,2010-10-13 16:17:00,0.85,17338.0,United Kingdom
525974,47566,PARTY BUNTING,5,2010-10-08 10:23:00,4.65,14769.0,United Kingdom
498729,22138,BAKING SET 9 PIECE RETROSPOT ,24,2010-02-22 15:39:00,4.25,17829.0,United Arab Emirates
502817,21471,STRAWBERRY RAFFIA FOOD COVER,1,2010-03-28 10:54:00,3.75,15848.0,United Kingdom
512247,22402,MAGNETS PACK OF 4 VINTAGE COLLAGE,12,2010-06-14 12:41:00,1.25,13093.0,United Kingdom
534205,22482,BLUE TEA TOWEL CLASSIC DESIGN,1,2010-11-21 15:38:00,1.25,15579.0,United Kingdom
504829,85099B,RED RETROSPOT JUMBO BAG ,10,2010-04-16 13:17:00,1.95,16125.0,United Kingdom
C510834,20725,LUNCH BAG RED SPOTTY,-1,2010-06-03 20:16:00,1.65,13093.0,United Kingdom
537137,20723,STRAWBERRY CHARLOTTE BAG,4,2010-12-05 12:43:00,0.85,16327.0,United Kingdom
491935,21391,FRENCH EMROIDR LAVENDER SCENT HEART,6,2009-12-14 15:38:00,2.1,16125.0,United Kingdom
535419,21249,WOODLAND  HEIGHT CHART STICKERS ,6,2010-11-26 11:48:00,2.95,12668.0,Germany
C525217,85118,HEART T-LIGHT HOLDER,-48,2010-10-04 12:48:00,0.38,12768.0,Korea
510548,21379,CAMPHOR WOOD PORTOBELLO MUSHROOM,6,2010-06-01 15:59:00,1.25,18038.0,United Kingdom
494645,22297,HEART IVORY TRELLIS SMALL,24,2010-01-17 12:17:00,1.25,16017.0,United Kingdom
C498402,85048,15CM CHRISTMAS GLASS BALL 20 LIGHTS,-1,2010-02-18 15:48:00,7.95,14686.0,United Kingdom
C495034,21733,RED HANGING HEART T-LIGHT HOLDER,-3,2010-01-20 14:14:00,2.95,16556.0,United Kingdom
535472,22727,ALARM CLOCK BAKELIKE RED ,4,2010-11-26 13:50:00,3.75,12637.0,France
530543,22113,GREY HEART HOT WATER BOTTLE,3,2010-11-03 13:10:00,3.75,15005.0,United Kingdom
519583,84356,POMPOM CURTAIN,2,2010-08-18 13:35:00,6.95,16638.0,United Kingdom
C499419,21685,MEDINA STAMPED METAL TRAY ,-1,2010-02-26 16:26:00,14.95,15538.0,United Kingdom
533581,84029E,RED WOOLLY HOTTIE WHITE HEART.,1,2010-11-18 11:29:00,3.75,16445.0,United Kingdom
518403,35970,ZINC FOLKART SLEIGH BELLS,6,2010-08-08 13:49:00,1.69,17132.0,United Kingdom
526647,21900,"KEY FOB , SHED",12,2010-10-12 13:39:00,0.65,12748.0,United Kingdom
509440,21988,PACK OF 6 SKULL PAPER PLATES,12,2010-05-23 15:43:00,0.85,12921.0,United Kingdom
516183,21188,3D HEARTS  HONEYCOMB PAPER GARLAND,12,2010-07-18 15:39:00,2.95,15306.0,United Kingdom
511283,22427,ENAMEL FLOWER JUG CREAM,3,2010-06-07 14:24:00,5.95,16317.0,United Kingdom
493997,22271,FELTCRAFT DOLL ROSIE,1,2010-01-10 13:51:00,2.95,17372.0,United Kingdom
523964,22745,POPPY'S PLAYHOUSE BEDROOM ,6,2010-09-26 13:09:00,2.1,16709.0,United Kingdom
513793,21901,"KEY FOB , BACK DOOR ",6,2010-06-28 15:31:00,0.65,17576.0,United Kingdom
525086,22383,LUNCH BAG SUKI  DESIGN ,10,2010-10-03 15:55:00,1.65,16809.0,United Kingdom
515598,21452,TOADSTOOL MONEY BOX,12,2010-07-13 14:07:00,2.95,14895.0,United Kingdom
517645,21231,SWEETHEART CERAMIC TRINKET BOX,12,2010-07-30 13:31:00,1.25,14911.0,EIRE
507238,85123A,WHITE HANGING HEART T-LIGHT HOLDER,6,2010-05-07 09:40:00,2.95,15680.0,United Kingdom
530708,21200,MULTICOLOUR HONEYCOMB PAPER GARLAND,24,2010-11-04 11:29:00,1.65,14737.0,United Kingdom
514036,21930,JUMBO STORAGE BAG SKULLS,20,2010-06-30 11:38:00,1.95,15615.0,United Kingdom
505142,21708,FOLDING UMBRELLA  CREAM/MULTI  SPOT,4,2010-04-20 11:19:00,4.95,17138.0,United Kingdom
498389,22347,PIZZA SLICE DISH,5,2010-02-18 14:43:00,1.25,14606.0,United Kingdom
530964,21481,FAWN BLUE HOT WATER BOTTLE,9,2010-11-04 19:39:00,2.95,13969.0,United Kingdom
532798,22560,TRADITIONAL MODELLING CLAY,5,2010-11-14 14:47:00,1.25,17544.0,United Kingdom
494804,21930,JUMBO STORAGE BAG SKULLS,10,2010-01-18 15:10:00,1.95,15298.0,United Kingdom
525360,21733,RED HANGING HEART T-LIGHT HOLDER,1,2010-10-05 11:33:00,2.95,15039.0,United Kingdom
530089,21891,TRADITIONAL WOODEN SKIPPING ROPE,6,2010-11-01 13:41:00,1.25,16916.0,United Kingdom
493961,35400,WOODEN BOX ADVENT CALENDAR ,2,2010-01-08 15:16:00,8.95,17841.0,United Kingdom
517159,21623,VINTAGE UNION JACK MEMOBOARD,4,2010-07-27 10:51:00,9.95,13722.0,United Kingdom
537995,20973,12 PENCIL SMALL TUBE WOODLAND,24,2010-12-09 11:39:00,0.65,12712.0,Germany
510737,20914,SET/5 RED SPOTTY LID GLASS BOWLS,12,2010-06-03 11:44:00,2.95,16279.0,United Kingdom
533460,22107,PIZZA PLATE IN BOX,1,2010-11-17 12:11:00,3.75,15039.0,United Kingdom
492074,22084,PAPER CHAIN KIT EMPIRE,6,2009-12-15 13:12:00,2.95,12941.0,United Kingdom
505363,22063,CERAMIC BOWL WITH STRAWBERRY DESIGN,6,2010-04-21 15:42:00,2.95,17865.0,United Kingdom
537159,22694,WICKER STAR ,2,2010-12-05 13:17:00,2.1,14527.0,United Kingdom
537219,22633,HAND WARMER UNION JACK,4,2010-12-05 15:47:00,2.1,14081.0,United Kingdom
528356,22366,DOORMAT AIRMAIL ,1,2010-10-21 14:55:00,7.95,12877.0,United Kingdom
511056,84874B,BLUE TRAVEL FIRST AID KIT,5,2010-06-06 12:17:00,1.65,16444.0,United Kingdom
522808,22448,PIN CUSHION BABUSHKA RED,6,2010-09-16 16:56:00,3.35,12921.0,United Kingdom
507407,22179,SET 10 LIGHTS NIGHT OWL,2,2010-05-09 13:50:00,6.75,14221.0,United Kingdom
516960,72760B,VINTAGE CREAM 3 BASKET CAKE STAND,4,2010-07-26 08:39:00,9.95,12949.0,United Kingdom
514984,22502,PICNIC BASKET WICKER SMALL,1,2010-07-07 13:50:00,4.25,17841.0,United Kingdom
511691,47566,PARTY BUNTING,5,2010-06-09 16:42:00,4.65,16525.0,United Kingdom
498900,21122,SET/10 PINK SPOTTY PARTY CANDLES,24,2010-02-23 13:59:00,1.25,15241.0,United Kingdom
537388,22470,HEART OF WICKER LARGE,6,2010-12-06 13:35:00,2.95,17682.0,United Kingdom
504204,21659,GLASS CAKE STAND,2,2010-04-12 11:22:00,14.95,14930.0,Channel Islands
528769,85014B,RED RETROSPOT UMBRELLA,3,2010-10-25 09:08:00,5.95,15260.0,United Kingdom
490957,85221,ASSORTED COLOUR SILK COIN PURSE,12,2009-12-08 15:12:00,1.25,15823.0,United Kingdom
525068,21821,GLITTER STAR GARLAND WITH BELLS ,6,2010-10-03 14:37:00,3.75,15579.0,United Kingdom
500336,21432,SET OF 3 CASES WOODLAND DESIGN,1,2010-03-07 13:48:00,5.95,17589.0,United Kingdom
523871,22628,PICNIC BOXES SET OF 3 RETROSPOT ,4,2010-09-24 12:59:00,4.95,16168.0,United Kingdom
507369,21687,SILVER PLATE CANDLE BOWL LARGE,3,2010-05-07 17:49:00,3.75,17400.0,United Kingdom
496008,48129,DOOR MAT TOPIARY,2,2010-01-28 12:36:00,6.75,14911.0,EIRE
499061,21259,VICTORIAN SEWING BOX SMALL ,5,2010-02-24 14:07:00,5.95,15058.0,United Kingdom
515116,21260,FIRST AID TIN,6,2010-07-08 13:10:00,3.25,13001.0,United Kingdom
502920,22382,LUNCH BAG SPACEBOY DESIGN ,1,2010-03-29 13:55:00,1.65,18041.0,United Kingdom
497230,22178,VICTORIAN GLASS HANGING T-LIGHT,12,2010-02-08 09:22:00,1.25,17504.0,United Kingdom
507218,20728,LUNCH BAG CARS BLUE,3,2010-05-06 19:08:00,1.65,14713.0,United Kingdom
529839,22683,"FRENCH BLUE METAL DOOR SIGN, 8",10,2010-10-31 12:36:00,1.25,16003.0,United Kingdom
532663,21212,PACK OF 72 RETROSPOT CAKE CASES,24,2010-11-14 11:32:00,0.55,14936.0,Channel Islands
533577,22450,SILK PURSE BABUSHKA BLUE,12,2010-11-18 11:08:00,3.35,17377.0,United Kingdom
503433,22349,"DOG BOWL , CHASING BALL DESIGN",6,2010-04-01 08:43:00,3.75,12609.0,Germany
522986,21217,RED SPOTTY ROUND CAKE TINS,2,2010-09-19 14:45:00,9.95,13883.0,United Kingdom
534188,22375,AIRLINE BAG VINTAGE JET SET BROWN,1,2010-11-21 14:13:00,4.25,17085.0,United Kingdom
517755,71477,COLOUR GLASS. STAR T-LIGHT HOLDER,24,2010-08-02 10:29:00,2.75,13647.0,United Kingdom
494987,85099F,JUMBO BAG STRAWBERRY,10,2010-01-20 11:31:00,1.95,18223.0,United Kingdom
505167,21932,SCANDINAVIAN PAISLEY PICNIC BAG,1,2010-04-20 12:46:00,2.95,17841.0,United Kingdom
511304,20692,FLORAL ELEPHANT SOFT TOY,5,2010-06-07 15:47:00,4.25,17402.0,United Kingdom
505725,22367,CHILDS APRON SPACEBOY DESIGN,1,2010-04-25 13:55:00,1.95,14606.0,United Kingdom
537135,22731,3D CHRISTMAS STAMPS STICKERS ,3,2010-12-05 12:35:00,1.25,17059.0,United Kingdom
519889,22063,CERAMIC BOWL WITH STRAWBERRY DESIGN,2,2010-08-22 12:34:00,2.95,14878.0,United Kingdom
505572,22178,VICTORIAN GLASS HANGING T-LIGHT,12,2010-04-23 11:36:00,1.25,14030.0,United Kingdom
524982,20981,12 PENCILS TALL TUBE WOODLAND,2,2010-10-01 15:28:00,0.85,12926.0,United Kingdom
